,isbn,isbn13,title
210,K612737052,9791162541869,"주식 공부 5일 완성 - 마흔 살에 시작하는, 2021년 최신개정판"
1438,8972917486,9788972917489,"아이링, 칭링, 메이링 - 20세기 중국의 심장에 있었던 세 자매"
903,K762734582,,설민석의 삼국지 대모험 1~3권 세트/노트2권 증정 - 전설의 시작/도원결의/용의 출정
387,K292734445,9791160947601,호메로스의 일리아스 - 신들의 전쟁과 인간들의 운명을 노래하다
290,K092734066,9791170432401,딱 한 번 읽고 평생 써먹는 주식 공부
1318,8937408740,9788937408748,캣콜링 - 제37회 김수영 문학상 수상 시집
1224,8935703117,9788935703111,리얼리티 트랜서핑 2 - 성공의 물결로 갈아타는 선택의 비밀
1414,8927812492,9788927812494,나이 드는 게 두렵지 않습니다 - 적게 벌어도 잘사는 노후 준비의 모든 것
1066,K242733493,9791191766349,기획자의 독서 - 오늘도 책에서 세상과 사람을 읽는 네이버 브랜드 기획자의 이야기
1291,K452734214,9791191019520,개념연결 고등수학사전
240,K232734347,9791136012333,"2022 에듀윌 EXIT 컴퓨터활용능력 1급 필기 - 노른자 요약노트 + 답만 보는 기출문제｜최신 출제기준 완벽반영, 상시 기출복원문제 수록, EXIT 합격 서비스 제공"
170,8960905488,9788960905481,나는 그것에 대해 아주 오랫동안 생각해
281,K812737368,9791188279999,현명한 퀀트 주식투자 - 누구나 쉽게 할 수 있다! 간단하지만 강력한 자동매매
431,K262733021,9791166817878,군주론
1204,K612730392,,"[세트] 킵고잉 + 훔쳐라, 아티스트처럼 - 전2권"
748,8936434543,9788936434540,"피프티 피플 - 2017년 제50회 한국일보문학상 수상작, 개정판"
951,K092734346,9791191825121,[큰글자도서] 1페이지 세계사 365 - 세상의 모든 지식이 내 것이 되는
572,K112734572,9791164051298,카이사르의 마지막 숨 - 우리를 둘러싼 공기의 비밀
892,8957337105,9788957337103,지정학의 힘 - 시파워와 랜드파워의 세계사
340,K062534682,9791162540466,하워드 막스 투자와 마켓 사이클의 법칙 - 주식시장의 흐름을 꿰뚫어보는 단 하나의 투자 바이블
164,K762534303,9791157061396,강한 이스라엘 군대의 비밀 - 예루살렘·카이로 특파원의 500일 특별보고서
523,K302737851,9791128855450,죄와 벌
1349,893494904X,9788934949046,에피타프 도쿄
1336,8937463938,9788937463938,서머싯 몸 단편선 2
260,K012734345,9791191393323,[큰글자도서] 돈의 역사는 되풀이된다
188,K872734865,9791191347371,돈 버는 경제 상식 BEST 10 - 주식 초보가 꼭 알아야 할
538,895212961X,9788952129611,수목생리학 - 전면개정판
957,K802734964,9791191383065,사라진 나의 중국 친구에게 - 베이징에서 마주친 젊은 저항자들
124,8901241811,9788901241814,"초예측, 부의 미래 - 세계 석학 5인이 말하는 기술·자본·문명의 대전환"
587,8964213939,9788964213933,사례로 배우는 확률과 통계 - 제4판
