title,isbn,publication_date,tag
화성에서 온 남자 금성에서 온 여자 (100만 부 특별 리커버판),9.79E+12,20210325,국내도서>가정/요리/뷰티>결혼/가족>부부관계
조선무쌍신식요리제법,9.79E+12,20191028,국내도서>가정/요리/뷰티>나라별 요리>한국요리
THE FOOD LAB 더 푸드 랩 : 더 나은 요리를 위한 주방 과학의 모든것!,9.79E+12,20170628,국내도서>가정/요리/뷰티>음식 이야기
우리 안의 사자,9.79E+12,20210524,국내도서>건강/취미/레저>건강운동>요가/체조/스트레칭
어싱 : 땅과의 접촉이 치유한다,9.79E+12,20110915,국내도서>건강/취미/레저>건강정보>건강에세이/건강정보
호르몬과 건강의 비밀,9.79E+12,20201230,국내도서>건강/취미/레저>건강정보>건강에세이/건강정보
햇빛의 선물,9.79E+12,20160622,국내도서>건강/취미/레저>건강정보>건강에세이/건강정보
모든 병은 몸속 정전기가 원인이다,9.79E+12,20130117,국내도서>건강/취미/레저>건강정보>건강에세이/건강정보
다시 그리는 한국프로야구사,9.79E+12,20210915,국내도서>건강/취미/레저>구기>야구
고양이 질병의 모든 것,9.79E+12,20210405,국내도서>건강/취미/레저>반려동물
자동차 운전 교과서,9.79E+12,20160920,국내도서>건강/취미/레저>스포츠/레저 기타>기타
꽃도감,9.79E+12,20210217,국내도서>건강/취미/레저>원예>꽃꽂이
정원생활자의 열두 달,9.79E+12,20180312,국내도서>건강/취미/레저>원예>화훼
식물 디자인의 발견,9.79E+12,20210813,국내도서>건강/취미/레저>원예>화훼
슈퍼 스도쿠 익스트림,9.79E+12,20210810,국내도서>건강/취미/레저>퍼즐/스도쿠/퀴즈
피터 드러커의 자기경영노트,9.79E+12,20200310,국내도서>경제경영>[경제경영 사상가 20인]>피터 드러커
스티브 잡스 (10주기 증보 특별판),9.79E+12,20210927,국내도서>경제경영>[포브스 100대 기업]>애플
디즈니만이 하는 것 The Ride of a Lifetime,9.79E+12,20200504,국내도서>경제경영>[포브스 100대 기업]>월트디즈니
로지컬 씽킹,9.79E+12,20190729,국내도서>경제경영>CEO/비즈니스맨을 위한 능력계발>기획/정보/문서관리
디자인 씽킹 퍼실리테이션 대백과,9.79E+12,20210909,국내도서>경제경영>CEO/비즈니스맨을 위한 능력계발>화술/협상/프레젠테이션
부의 시그널,9.79E+12,20210927,국내도서>경제경영>경제학/경제일반>경제사/경제전망>세계 경제사/경제전망
2030 축의 전환,9.79E+12,20201016,국내도서>경제경영>경제학/경제일반>경제사/경제전망>세계 경제사/경제전망
7대 이슈로 보는 돈의 역사 2,9.79E+12,20201104,국내도서>경제경영>경제학/경제일반>경제사/경제전망>세계 경제사/경제전망
인구 대역전,9.79E+12,20210422,국내도서>경제경영>경제학/경제일반>경제사/경제전망>세계 경제사/경제전망
명견만리 : 미래의 가치 편,9.79E+12,20210503,국내도서>경제경영>경제학/경제일반>경제사/경제전망>세계 경제사/경제전망
뉴 맵,9.79E+12,20210517,국내도서>경제경영>경제학/경제일반>경제사/경제전망>세계 경제사/경제전망
황금의 샘 세트 - 전2권,9.79E+12,20170801,국내도서>경제경영>경제학/경제일반>경제사/경제전망>세계 경제사/경제전망
데모테크가 온다,9.79E+12,20210617,국내도서>경제경영>경제학/경제일반>경제사/경제전망>한국 경제사/경제전망
인구 미래 공존,9.79E+12,20210609,국내도서>경제경영>경제학/경제일반>경제사/경제전망>한국 경제사/경제전망
돈이 먼저 움직인다,9.79E+12,20210707,국내도서>경제경영>경제학/경제일반>경제사/경제전망>한국 경제사/경제전망
최배근 대한민국 대전환 100년의 조건,9.79E+12,20210215,국내도서>경제경영>경제학/경제일반>경제사/경제전망>한국 경제사/경제전망
생각에 관한 생각,9.79E+12,20180330,국내도서>경제경영>경제학/경제일반>경제이론/경제사상
국부론 -상,9.79E+12,20071229,국내도서>경제경영>경제학/경제일반>경제이론/경제사상
메타버스 새로운 기회,9.79E+12,20210608,국내도서>경제경영>경제학/경제일반>경제이야기
금융 오디세이,9.79E+12,20210830,국내도서>경제경영>경제학/경제일반>경제이야기
실력과 노력으로 성공했다는 당신에게,9.79E+12,20180706,국내도서>경제경영>경제학/경제일반>경제이야기
"집에 갇힌 나라, 동아시아와 중국",9.79E+12,20210917,국내도서>경제경영>경제학/경제일반>경제정책/비평
돈의 역사는 되풀이된다,9.79E+12,20210616,국내도서>경제경영>경제학/경제일반>화폐/금융/재정
파이낸셜 모델링 바이블,9.79E+12,20210621,국내도서>경제경영>경제학/경제일반>화폐/금융/재정
부의 대전환 코인전쟁,9.79E+12,20210528,국내도서>경제경영>경제학/경제일반>화폐/금융/재정
거의 모든 IT의 역사 (10주년 기념 스페셜 에디션),9.79E+12,20201130,국내도서>경제경영>기업 경영>e-비즈니스
IT 좀 아는 사람,9.79E+12,20210120,국내도서>경제경영>기업 경영>e-비즈니스
IT 사용설명서,9.79E+12,20210831,국내도서>경제경영>기업 경영>e-비즈니스
MBA 마케팅 필독서 45,9.79E+12,20210726,국내도서>경제경영>기업 경영>경영 일반
일의 격,9.79E+12,20210701,국내도서>경제경영>기업 경영>경영 일반
왜 일하는가,9.79E+12,20210412,국내도서>경제경영>기업 경영>경영 일반
사장으로 견딘다는 것,9.79E+12,20210728,국내도서>경제경영>기업 경영>경영 일반
원칙 Principles,9.79E+12,20180605,국내도서>경제경영>기업 경영>경영 일반
싱크 어게인,9.79E+12,20210330,국내도서>경제경영>기업 경영>경영 일반
골목의 약탈자들,9.79E+12,20210914,국내도서>경제경영>기업 경영>경영 일반
감으로만 일하던 김 팀장은 어떻게 데이터 좀 아는 팀장이 되었나,9.79E+12,20210816,국내도서>경제경영>기업 경영>경영전략/혁신
업스트림,9.79E+12,20210625,국내도서>경제경영>기업 경영>경영전략/혁신
프리워커스,9.79E+12,20210428,국내도서>경제경영>기업 경영>경영전략/혁신
지적자본론 (리커버),9.79E+12,20210907,국내도서>경제경영>기업 경영>경영전략/혁신
오리지널스,9.79E+12,20201222,국내도서>경제경영>기업 경영>경영전략/혁신
삼성페이 이야기,9.79E+12,20210720,국내도서>경제경영>기업 경영>경영전략/혁신
좋은 기업을 넘어 위대한 기업으로 (20주년 뉴에디션),9.79E+12,20210322,국내도서>경제경영>기업 경영>경영전략/혁신
내러티브 앤 넘버스,9.79E+12,20200520,국내도서>경제경영>기업 경영>경영전략/혁신
지적자본론,9.79E+12,20151102,국내도서>경제경영>기업 경영>경영전략/혁신
편집광만이 살아남는다,9.79E+12,20210629,국내도서>경제경영>기업 경영>경영전략/혁신
하버드 경영대학원 교수의 금융 수업,9.79E+12,20210903,국내도서>경제경영>기업 경영>세무/재무/회계
재무제표가 만만해지는 회계책,9.79E+12,20210621,국내도서>경제경영>기업 경영>세무/재무/회계
한경무크 : 궁금한 상속·증여,9.79E+12,20210615,국내도서>경제경영>기업 경영>세무/재무/회계
대한민국에서 제일 쉬운 7일 완성 재무제표 읽기,9.79E+12,20210720,국내도서>경제경영>기업 경영>세무/재무/회계
세상에서 가장 쉬운 통계학입문,9.79E+12,20091217,국내도서>경제경영>기업 경영>세무/재무/회계
리더 디퍼런트,9.79E+12,20210824,국내도서>경제경영>기업 경영>조직/인력/성과관리
김밥 파는 CEO,9.79E+12,20100405,국내도서>경제경영>기업/경영자 스토리>국내 기업/경영자
"파타고니아, 파도가 칠 때는 서핑을",9.79E+12,20200430,국내도서>경제경영>기업/경영자 스토리>국외 기업/경영자
슈독 : 나이키 창업자 필 나이트 자서전,9.79E+12,20160929,국내도서>경제경영>기업/경영자 스토리>국외 기업/경영자
투자의 신,9.79E+12,20210830,국내도서>경제경영>기업/경영자 스토리>국외 기업/경영자
홍보의 마법,9.79E+12,20210917,국내도서>경제경영>마케팅/세일즈>광고/홍보/PR
부자 아빠의 21세기형 비즈니스,9.79E+12,20140203,국내도서>경제경영>마케팅/세일즈>네트워크 마케팅
오케팅,9.79E+12,20210701,국내도서>경제경영>마케팅/세일즈>마케팅/브랜드
"팔지 마라, 사게 하라",9.79E+12,20130509,국내도서>경제경영>마케팅/세일즈>마케팅/브랜드
컨테이저스 : 전략적 입소문 (리커버),9.79E+12,20210113,국내도서>경제경영>마케팅/세일즈>마케팅/브랜드
지금껏 나만 몰랐던 마케팅 기술,9.79E+12,20210728,국내도서>경제경영>마케팅/세일즈>마케팅/브랜드
기록의 쓸모 (리커버 특별판),9.79E+12,20200521,국내도서>경제경영>마케팅/세일즈>마케팅/브랜드
기획자의 독서,9.79E+12,20210714,국내도서>경제경영>마케팅/세일즈>마케팅/브랜드
스토리의 과학,9.79E+12,20210701,국내도서>경제경영>마케팅/세일즈>마케팅/브랜드
인스타마켓으로 ‘돈많은언니’가 되었다,9.79E+12,20210625,국내도서>경제경영>마케팅/세일즈>모바일/SNS
왕초보 온라인판매 사관학교,9.79E+12,20210728,국내도서>경제경영>마케팅/세일즈>모바일/SNS
메타버스의 시대,9.79E+12,20210818,국내도서>경제경영>마케팅/세일즈>트렌드/미래예측
블록체인 트렌드 2022-2023,9.79E+12,20210831,국내도서>경제경영>마케팅/세일즈>트렌드/미래예측
"메타버스, 이미 시작된 미래",9.79E+12,20210620,국내도서>경제경영>마케팅/세일즈>트렌드/미래예측
NFT 레볼루션,9.79E+12,20210901,국내도서>경제경영>마케팅/세일즈>트렌드/미래예측
메타버스,9.79E+12,20201218,국내도서>경제경영>마케팅/세일즈>트렌드/미래예측
트렌드 코리아 2022,9.79E+12,20211006,국내도서>경제경영>마케팅/세일즈>트렌드/미래예측
신뢰할 수 있는 인공지능,9.79E+12,20210913,국내도서>경제경영>마케팅/세일즈>트렌드/미래예측
가상화폐 단타의 정석,9.79E+12,20210908,국내도서>경제경영>재테크/투자>가상/암호화폐
코린이를 위한 코인의 모든 것,9.79E+12,20210625,국내도서>경제경영>재테크/투자>가상/암호화폐
왕초보도 바로 돈 버는 부동산 경매의 기술,9.79E+12,20210219,국내도서>경제경영>재테크/투자>부동산/경매
주택과 세금,9.79E+12,20210303,국내도서>경제경영>재테크/투자>부동산/경매
송사무장의 부동산 경매의 기술,9.79E+12,20170420,국내도서>경제경영>재테크/투자>부동산/경매
서울대 가기보다 쉬운 내 아이 건물주 되기,9.79E+12,20210906,국내도서>경제경영>재테크/투자>부동산/경매
경매 권리분석 이렇게 쉬웠어?,9.79E+12,20190115,국내도서>경제경영>재테크/투자>부동산/경매
고수들은 알았지만 당신은 몰랐던 부동산 상승 신호 하락 신호,9.79E+12,20210524,국내도서>경제경영>재테크/투자>부동산/경매
3000만 원으로 시작하는 아파트 투자 프로젝트,9.79E+12,20210730,국내도서>경제경영>재테크/투자>부동산/경매
10년 동안 적금밖에 모르던 39세 김 과장은 어떻게 1년 만에 부동산 천재가 됐을까?,9.79E+12,20180915,국내도서>경제경영>재테크/투자>부동산/경매
싱글맘 부동산 경매로 홀로서기,9.79E+12,20200309,국내도서>경제경영>재테크/투자>부동산/경매
월급쟁이의 첫 부동산 공부,9.79E+12,20210518,국내도서>경제경영>재테크/투자>부동산/경매
신방수 세무사의 1인 부동산 법인 하려면 제대로 운영하라!,9.79E+12,20210611,국내도서>경제경영>재테크/투자>부동산/경매
재개발 모르면 부자될 수 없다,9.79E+12,20210804,국내도서>경제경영>재테크/투자>부동산/경매
전세가를 알면 부동산 투자가 보인다,9.79E+12,20180105,국내도서>경제경영>재테크/투자>부동산/경매
아기곰의 재테크 불변의 법칙,9.79E+12,20210620,국내도서>경제경영>재테크/투자>부동산/경매
아파트 청약 이렇게 쉬웠어?,9.79E+12,20210813,국내도서>경제경영>재테크/투자>부동산/경매
월급쟁이 부자로 은퇴하라 (스페셜 에디션),9.79E+12,20210522,국내도서>경제경영>재테크/투자>부동산/경매
대한민국 재건축 재개발 지도,9.79E+12,20210825,국내도서>경제경영>재테크/투자>부동산/경매
아는 만큼 당첨되는 청약의 기술,9.79E+12,20200902,국내도서>경제경영>재테크/투자>부동산/경매
재개발될 빌라 리모델링할 아파트,9.79E+12,20210802,국내도서>경제경영>재테크/투자>부동산/경매
나의 첫 재개발 실전 투자,9.79E+12,20210725,국내도서>경제경영>재테크/투자>부동산/경매
지성의 돈되는 부동산 1인법인,9.79E+12,20190113,국내도서>경제경영>재테크/투자>부동산/경매
땅 투자 100계명,9.79E+12,20210726,국내도서>경제경영>재테크/투자>부동산/경매
부동산 폭등장이 온다,9.79E+12,20200611,국내도서>경제경영>재테크/투자>부동산/경매
20대부터 시작하는 부동산 공부,9.79E+12,20210802,국내도서>경제경영>재테크/투자>부동산/경매
지식산업센터 투자,9.79E+12,20210601,국내도서>경제경영>재테크/투자>부동산/경매
부동산 경매 무작정 따라하기,9.79E+12,20190813,국내도서>경제경영>재테크/투자>부동산/경매
대한민국 땅따먹기,9.79E+12,20191018,국내도서>경제경영>재테크/투자>부동산/경매
대한민국 상가투자 지도,9.79E+12,20200914,국내도서>경제경영>재테크/투자>부동산/경매
송사무장의 부동산 공매의 기술,9.79E+12,20161228,국내도서>경제경영>재테크/투자>부동산/경매
백만장자 시크릿,9.79E+12,20200713,국내도서>경제경영>재테크/투자>재테크/투자 일반
부자 아빠 가난한 아빠 2,9.79E+12,20121127,국내도서>경제경영>재테크/투자>재테크/투자 일반
자본 체력,9.79E+12,20210813,국내도서>경제경영>재테크/투자>재테크/투자 일반
언스크립티드 부의 추월차선 완결판,9.79E+12,20180117,국내도서>경제경영>재테크/투자>재테크/투자 일반
부자로 가는 다리 부릿지,9.79E+12,20210918,국내도서>경제경영>재테크/투자>재테크/투자 일반
"아들아, 돈 공부해야 한다",9.79E+12,20210325,국내도서>경제경영>재테크/투자>재테크/투자 일반
엑시트 EXIT,9.79E+12,20201123,국내도서>경제경영>재테크/투자>재테크/투자 일반
부의 인문학,9.79E+12,20191004,국내도서>경제경영>재테크/투자>재테크/투자 일반
더 늦기 전에 당신이 자본주의를 제대로 알면 좋겠습니다,9.79E+12,20210915,국내도서>경제경영>재테크/투자>재테크/투자 일반
부의 시나리오,9.79E+12,20210607,국내도서>경제경영>재테크/투자>재테크/투자 일반
돈의 심리학,9.79E+12,20210113,국내도서>경제경영>재테크/투자>재테크/투자 일반
돈의 속성 (150쇄 기념 에디션),9.79E+12,20200615,국내도서>경제경영>재테크/투자>재테크/투자 일반
부의 추월차선,9.79E+12,20130820,국내도서>경제경영>재테크/투자>재테크/투자 일반
미래의 부,9.79E+12,20210726,국내도서>경제경영>재테크/투자>재테크/투자 일반
부자 아빠 가난한 아빠 1 (20주년 특별 기념판),9.79E+12,20180222,국내도서>경제경영>재테크/투자>재테크/투자 일반
나는 투자로 30년을 벌었다,9.79E+12,20210921,국내도서>경제경영>재테크/투자>재테크/투자 일반
나는 주식 대신 달러를 산다,9.79E+12,20210530,국내도서>경제경영>재테크/투자>재테크/투자 일반
부의 대이동,9.79E+12,20200723,국내도서>경제경영>재테크/투자>재테크/투자 일반
혼자서 시작하는 자산관리 입문서,9.79E+12,20210830,국내도서>경제경영>재테크/투자>재테크/투자 일반
부자의 역사,9.79E+12,20210401,국내도서>경제경영>재테크/투자>재테크/투자 일반
돈의 본능,9.79E+12,20210720,국내도서>경제경영>재테크/투자>재테크/투자 일반
부자 아빠의 투자 가이드,9.79E+12,20140926,국내도서>경제경영>재테크/투자>재테크/투자 일반
부자의 언어,9.79E+12,20200325,국내도서>경제경영>재테크/투자>재테크/투자 일반
무자본으로 부의 추월차선 콘텐츠 만들기,9.79E+12,20210909,국내도서>경제경영>재테크/투자>재테크/투자 일반
마법의 연금 굴리기,9.79E+12,20190412,국내도서>경제경영>재테크/투자>재테크/투자 일반
부자의 그릇,9.79E+12,20201214,국내도서>경제경영>재테크/투자>재테크/투자 일반
프로부업러가 콕 짚어주는 디지털 부업 50가지,9.79E+12,20210810,국내도서>경제경영>재테크/투자>재테크/투자 일반
부의 본능,9.79E+12,20180814,국내도서>경제경영>재테크/투자>재테크/투자 일반
킵고잉 Keep Going,9.79E+12,20200722,국내도서>경제경영>재테크/투자>재테크/투자 일반
Money 머니,9.79E+12,20150814,국내도서>경제경영>재테크/투자>재테크/투자 일반
부의 레벨을 바꾸는 미국주식 중국주식,9.79E+12,20210319,국내도서>경제경영>재테크/투자>주식/펀드
돈 버는 경제 상식 BEST 10,9.79E+12,20210817,국내도서>경제경영>재테크/투자>주식/펀드
엄마의 주식 공부,9.79E+12,20210219,국내도서>경제경영>재테크/투자>주식/펀드
엘리어트 파동이론,9.79E+12,20110716,국내도서>경제경영>재테크/투자>주식/펀드
개미대학 세력의 매집원가 구하기,9.79E+12,20170811,국내도서>경제경영>재테크/투자>주식/펀드
위대한 기업에 투자하라,9.79E+12,20050610,국내도서>경제경영>재테크/투자>주식/펀드
투자는 심리게임이다,9.79E+12,20150930,국내도서>경제경영>재테크/투자>주식/펀드
현명한 투자자,9.79E+12,20200526,국내도서>경제경영>재테크/투자>주식/펀드
주식 공부 5일 완성,9.79E+12,20210118,국내도서>경제경영>재테크/투자>주식/펀드
주식 시장의 속성,9.79E+12,20210831,국내도서>경제경영>재테크/투자>주식/펀드
강방천의 관점,9.79E+12,20210303,국내도서>경제경영>재테크/투자>주식/펀드
주식투자 무작정 따라하기,9.79E+12,20191220,국내도서>경제경영>재테크/투자>주식/펀드
부자아빠가 들려주는 제시 리버모어,9.79E+12,20210910,국내도서>경제경영>재테크/투자>주식/펀드
현명한 월급쟁이 투자자를 위한 주식투자 시나리오,9.79E+12,20210824,국내도서>경제경영>재테크/투자>주식/펀드
모든 주식을 소유하라,9.79E+12,20190408,국내도서>경제경영>재테크/투자>주식/펀드
매매의 기술,9.79E+12,20210514,국내도서>경제경영>재테크/투자>주식/펀드
주식투자의 지혜,9.79E+12,20210601,국내도서>경제경영>재테크/투자>주식/펀드
"주식, 사자처럼 투자하고 거북이처럼 간다",9.79E+12,20210910,국내도서>경제경영>재테크/투자>주식/펀드
미국주식 무작정 따라하기,9.79E+12,20210821,국내도서>경제경영>재테크/투자>주식/펀드
"돈, 뜨겁게 사랑하고 차갑게 다루어라",9.79E+12,20150930,국내도서>경제경영>재테크/투자>주식/펀드
주린이가 가장 알고 싶은 최다질문 TOP 77,9.79E+12,20210120,국내도서>경제경영>재테크/투자>주식/펀드
재무제표를 알면 오르는 주식이 보인다,9.79E+12,20201102,국내도서>경제경영>재테크/투자>주식/펀드
주식투자로 성공한 부자아빠 무작정 따라하기,9.79E+12,20200701,국내도서>경제경영>재테크/투자>주식/펀드
라오어의 미국주식 무한매수법,9.79E+12,20210602,국내도서>경제경영>재테크/투자>주식/펀드
소수몽키의 한 권으로 끝내는 미국주식,9.79E+12,20210324,국내도서>경제경영>재테크/투자>주식/펀드
초격차 투자법,9.79E+12,20210825,국내도서>경제경영>재테크/투자>주식/펀드
강방천 & 존리와 함께하는 나의 첫 주식 교과서,9.79E+12,20210721,국내도서>경제경영>재테크/투자>주식/펀드
전설로 떠나는 월가의 영웅,9.79E+12,20210730,국내도서>경제경영>재테크/투자>주식/펀드
파이어족 강환국의 하면 된다! 퀀트 투자,9.79E+12,20210915,국내도서>경제경영>재테크/투자>주식/펀드
복잡계 세상에서의 투자,9.79E+12,20210827,국내도서>경제경영>재테크/투자>주식/펀드
투자의 본질,9.79E+12,20210820,국내도서>경제경영>재테크/투자>주식/펀드
시대의 1등주를 찾아라,9.79E+12,20210903,국내도서>경제경영>재테크/투자>주식/펀드
주식 초보자를 위한 재미있는 주식어휘사전,9.79E+12,20210701,국내도서>경제경영>재테크/투자>주식/펀드
현명한 퀀트 주식투자,9.79E+12,20210115,국내도서>경제경영>재테크/투자>주식/펀드
주식하는 마음,9.79E+12,20201028,국내도서>경제경영>재테크/투자>주식/펀드
딱 한 번 읽고 평생 써먹는 주식 공부,9.79E+12,20210826,국내도서>경제경영>재테크/투자>주식/펀드
주식시장 흐름 읽는 법,9.79E+12,20210702,국내도서>경제경영>재테크/투자>주식/펀드
차트분석 무작정 따라하기,9.79E+12,20170904,국내도서>경제경영>재테크/투자>주식/펀드
나는 주식투자로 250만불을 벌었다,9.79E+12,20210118,국내도서>경제경영>재테크/투자>주식/펀드
당신의 수익은 우연입니다,9.79E+12,20210723,국내도서>경제경영>재테크/투자>주식/펀드
주식 매매하는 법,9.79E+12,20180330,국내도서>경제경영>재테크/투자>주식/펀드
주식시장을 이기는 작은 책,9.79E+12,20210525,국내도서>경제경영>재테크/투자>주식/펀드
배당주 투자 무작정 따라하기,9.79E+12,20210630,국내도서>경제경영>재테크/투자>주식/펀드
워런 버핏 바이블 2021,9.79E+12,20210515,국내도서>경제경영>재테크/투자>주식/펀드
터틀 트레이딩,9.79E+12,20201012,국내도서>경제경영>재테크/투자>주식/펀드
ETF 투자 무작정 따라하기,9.79E+12,20200214,국내도서>경제경영>재테크/투자>주식/펀드
하워드 막스 투자와 마켓 사이클의 법칙,9.79E+12,20181029,국내도서>경제경영>재테크/투자>주식/펀드
워런 버핏 바이블 (리커버 에디션),9.79E+12,20171215,국내도서>경제경영>재테크/투자>주식/펀드
효율적으로 비효율적인 시장,9.79E+12,20210913,국내도서>경제경영>재테크/투자>주식/펀드
윌리엄 오닐의 성공 투자 법칙,9.79E+12,20210718,국내도서>경제경영>재테크/투자>주식/펀드
실전 투자강의,9.79E+12,20150930,국내도서>경제경영>재테크/투자>주식/펀드
잠든 사이 월급 버는 미국 배당주 투자,9.79E+12,20190104,국내도서>경제경영>재테크/투자>주식/펀드
2021 상장 기업 업종 지도,9.79E+12,20210101,국내도서>경제경영>재테크/투자>주식/펀드
제로 투 원,9.79E+12,20141120,국내도서>경제경영>창업/취업/은퇴>벤처/스타트업/인터넷창업
백종원의 장사 이야기,9.79E+12,20160905,국내도서>경제경영>창업/취업/은퇴>창업정보
귀곡자,9.79E+12,20130120,국내도서>고전>동양고전사상>기타 동양고전사상
아이스퀼로스 비극 전집,9.79E+12,20081010,국내도서>고전>서양고전문학>서양고대문학
플루타르코스 영웅전,9.79E+12,20100510,국내도서>고전>서양고전문학>서양고대문학
그리스 비극 걸작선,9.79E+12,20100210,국내도서>고전>서양고전문학>서양고대문학
시학,9.79E+12,20021220,국내도서>고전>서양고전문학>서양고대문학
인공지능은 무엇이 되려 하는가,9.79E+12,20210823,국내도서>과학>공학>공학 일반
전기차 첨단기술 교과서,9.79E+12,20210910,국내도서>과학>공학>기계공학
낡고 오래된 것들의 세계사,9.79E+12,20150126,국내도서>과학>과학사회학(STS)
혁신의 뿌리,9.79E+12,20210901,국내도서>과학>과학의 이해>과학사/기술사
과학과 기술로 본 세계사 강의,9.79E+12,20060222,국내도서>과학>과학의 이해>과학사/기술사
모든 이의 과학사 강의,9.79E+12,20200429,국내도서>과학>과학의 이해>과학사/기술사
거의 모든 것의 역사,9.79E+12,20200410,국내도서>과학>과학의 이해>과학사/기술사
과학혁명의 구조,9.79E+12,20130910,국내도서>과학>과학의 이해>과학사상
모든 것은 그 자리에,9.79E+12,20190423,국내도서>과학>기초과학/교양과학
원병묵 교수의 과학 논문 쓰는 법,9.79E+12,20210727,국내도서>과학>기초과학/교양과학
우리 본성의 선한 천사,9.79E+12,20140825,국내도서>과학>기초과학/교양과학
마법에서 과학으로,9.79E+12,20210908,국내도서>과학>기초과학/교양과학
식물의 과학,9.77E+12,20210901,국내도서>과학>기초과학/교양과학
정재승의 과학 콘서트 (개정증보 2판),9.79E+12,20200707,국내도서>과학>기초과학/교양과학
아인슈타인의 냉장고,9.79E+12,20210927,국내도서>과학>기초과학/교양과학
카이사르의 마지막 숨,9.79E+12,20210830,국내도서>과학>기초과학/교양과학
사람의 자리,9.79E+12,20210908,국내도서>과학>기초과학/교양과학
사회성이 고민입니다,9.79E+12,20190823,국내도서>과학>기초과학/교양과학
과학을 만든 사람들,9.79E+12,20210825,국내도서>과학>기초과학/교양과학
고래가 가는 곳,9.79E+12,20210830,국내도서>과학>기초과학/교양과학
미적분의 힘,9.79E+12,20210924,국내도서>과학>기초과학/교양과학
위험한 과학책,9.79E+12,20150424,국내도서>과학>기초과학/교양과학
과학자의 흑역사,9.79E+12,20210916,국내도서>과학>기초과학/교양과학
노화에 도전하는 과학,9.77E+12,20210906,국내도서>과학>기초과학/교양과학
떨림과 울림 (한정판 리커버),9.79E+12,20181107,국내도서>과학>기초과학/교양과학
다정한 것이 살아남는다,9.79E+12,20210726,국내도서>과학>기초과학/교양과학
최신 태양계 대도감,9.79E+12,20170515,국내도서>과학>기초과학/교양과학
돌의 사전,9.79E+12,20201215,국내도서>과학>기초과학/교양과학
장애와 테크놀로지,9.77E+12,20210601,국내도서>과학>기초과학/교양과학
하리하라의 몸 이야기,9.79E+12,20101207,국내도서>과학>기초과학/교양과학
우주를 이루는 근본 힘들에 대하여,9.77E+12,20210607,국내도서>과학>기초과학/교양과학
어떻게 인간과 공존하는 인공지능을 만들 것인가,9.79E+12,20210623,국내도서>과학>기초과학/교양과학
만화로 배우는 곤충의 진화,9.79E+12,20181010,국내도서>과학>기초과학/교양과학
아인슈타인이 괴델과 함께 걸을 때,9.79E+12,20200515,국내도서>과학>기초과학/교양과학
처음 읽는 2차전지 이야기,9.79E+12,20211012,국내도서>과학>기초과학/교양과학
랩 걸,9.79E+12,20170217,국내도서>과학>기초과학/교양과학
식물학 수업,9.79E+12,20210220,국내도서>과학>기초과학/교양과학
빛의 양자컴퓨터,9.79E+12,20210804,국내도서>과학>기초과학/교양과학
음식해부도감,9.79E+12,20171030,국내도서>과학>기초과학/교양과학
가이아의 정원,9.79E+12,20141218,국내도서>과학>농업>생태농업
뇌와 세계,9.79E+12,20210910,국내도서>과학>뇌과학>뇌과학 일반
이토록 뜻밖의 뇌과학,9.79E+12,20210805,국내도서>과학>뇌과학>뇌과학 일반
스피노자의 뇌,9.79E+12,20070507,국내도서>과학>뇌과학>뇌과학 일반
박문호 박사의 뇌과학 공부,9.79E+12,20171120,국내도서>과학>뇌과학>뇌과학 일반
운명의 과학,9.79E+12,20200429,국내도서>과학>뇌과학>뇌과학 일반
세상에 나쁜 곤충은 없다,9.79E+12,20191216,국내도서>과학>동물과 식물>곤충
한국 식물 이름의 유래,9.79E+12,20210815,국내도서>과학>동물과 식물>꽃과 나무
나무 수업,9.79E+12,20160310,국내도서>과학>동물과 식물>꽃과 나무
식재디자인,9.79E+12,20210910,국내도서>과학>동물과 식물>식물 일반
"전략가, 잡초",9.79E+12,20210326,국내도서>과학>동물과 식물>식물 일반
식물학자의 노트,9.79E+12,20210427,국내도서>과학>동물과 식물>식물 일반
만약 시간이 존재하지 않는다면,9.79E+12,20210510,국내도서>과학>물리학>물리학 일반
시간은 흐르지 않는다,9.79E+12,20190610,국내도서>과학>물리학>물리학 일반
엔드 오브 타임,9.79E+12,20210215,국내도서>과학>물리학>물리학 일반
우발과 패턴,9.79E+12,20140820,국내도서>과학>물리학>물리학 일반
엘러건트 유니버스,9.79E+12,20020311,국내도서>과학>물리학>상대성이론
모든 순간의 물리학,9.79E+12,20160226,국내도서>과학>물리학>쉽게 배우는 물리학
보이는 세상은 실재가 아니다,9.79E+12,20180409,국내도서>과학>물리학>쉽게 배우는 물리학
물리의 정석: 고전 역학 편,9.79E+12,20170818,국내도서>과학>물리학>쉽게 배우는 물리학
NEW 재미있는 물리여행,9.79E+12,20170728,국내도서>과학>물리학>쉽게 배우는 물리학
김상욱의 양자 공부,9.79E+12,20171208,국내도서>과학>물리학>양자역학
역사를 바꾼 17가지 화학 이야기 1,9.79E+12,20070131,국내도서>과학>발명/발견
내가 유전자 쇼핑으로 태어난 아이라면,9.79E+12,20081020,국내도서>과학>생명과학>생명과학
생명이란 무엇인가,9.79E+12,20210115,국내도서>과학>생명과학>생명과학
이기적 유전자,9.79E+12,20181020,국내도서>과학>생명과학>생명과학
"질병 정복의 꿈, 바이오 사이언스",9.79E+12,20190131,국내도서>과학>생명과학>생명과학
맛의 원리,9.79E+12,20201030,국내도서>과학>생명과학>생명과학
곽재식의 아파트 생물학,9.79E+12,20210910,국내도서>과학>생명과학>생물학
내 몸 안의 작은 우주 분자생물학,9.79E+12,20190617,국내도서>과학>생명과학>생물학
아주 특별한 생물학 수업,9.79E+12,20150526,국내도서>과학>생명과학>생물학
숲은 고요하지 않다,9.79E+12,20210423,국내도서>과학>생명과학>생물학
내성 전쟁,9.79E+12,20210820,국내도서>과학>생명과학>생물학
"숲, 다시 보기를 권함",9.79E+12,20210625,국내도서>과학>생명과학>생태학
종의 기원,9.79E+12,20190731,국내도서>과학>생명과학>진화론
오래된 연장통,9.79E+12,20100115,국내도서>과학>생명과학>진화론
호모 사피엔스,9.79E+12,20210515,국내도서>과학>생명과학>진화론
수학이 필요한 순간,9.79E+12,20180803,국내도서>과학>수학>수학 일반
숫자 없는 수학책,9.79E+12,20210920,국내도서>과학>수학>수학 일반
미적분의 쓸모,9.79E+12,20210518,국내도서>과학>수학>수학 일반
발칙한 수학책,9.79E+12,20210630,국내도서>과학>수학>수학 일반
수학독본 1,9.79E+12,19940101,국내도서>과학>수학>수학 일반
수학을 배워서 어디에 써먹지?,9.79E+12,20210805,국내도서>과학>수학>쉽게 배우는 수학
"통계학, 빅데이터를 잡다",9.79E+12,20170705,국내도서>과학>수학>확률/통계학
"새빨간 거짓말, 통계",9.79E+12,20040412,국내도서>과학>수학>확률/통계학
숫자에 약한 사람들을 위한 통계학 수업,9.79E+12,20200812,국내도서>과학>수학>확률/통계학
면역에 관하여,9.79E+12,20161125,국내도서>과학>의학
호흡의 기술,9.79E+12,20210219,국내도서>과학>인체의 이해
식욕의 과학,9.79E+12,20210818,국내도서>과학>인체의 이해
까면서 보는 해부학 만화,9.79E+12,20200619,국내도서>과학>인체의 이해
파란하늘 빨간지구,9.79E+12,20190329,국내도서>과학>지구과학>기상학/기후
날마다 구름 한 점,9.79E+12,20210108,국내도서>과학>지구과학>기상학/기후
"나는 풍요로웠고, 지구는 달라졌다",9.79E+12,20200907,국내도서>과학>지구과학>기상학/기후
6도의 멸종,9.79E+12,20140925,국내도서>과학>지구과학>기상학/기후
이전 세계의 연대기,9.79E+12,20210903,국내도서>과학>지구과학>지구
지구의 깊은 역사,9.79E+12,20210827,국내도서>과학>지구과학>지구
"위기의 지구, 물러설 곳 없는 인간",9.79E+12,20200603,국내도서>과학>지구과학>지구
"지구 격동의 이력서, 암석 25",9.79E+12,20210709,국내도서>과학>지구과학>지구
바다해부도감,9.79E+12,20210820,국내도서>과학>지구과학>해양과학
그림으로 보는 시간의 역사,9.79E+12,20210415,국내도서>과학>천문학>우주과학
오무아무아,9.79E+12,20210927,국내도서>과학>천문학>우주과학
코스모스,9.79E+12,20041220,국내도서>과학>천문학>우주과학
창백한 푸른 점,9.79E+12,20011210,국내도서>과학>천문학>우주과학
천문학 사전,9.79E+12,20181025,국내도서>과학>천문학>천문학/별자리/역법
화학으로 이루어진 세상,9.79E+12,20070320,국내도서>과학>화학>쉽게 배우는 화학
원소의 이름,9.79E+12,20210610,국내도서>과학>화학>일반화학
공급사슬관리,9.79E+12,20190222,국내도서>대학교재/전문서적>경상계열>경영학
소비자행동,9.79E+12,20200122,국내도서>대학교재/전문서적>경상계열>광고/마케팅
IFRS 회계원리,9.79E+12,20170102,국내도서>대학교재/전문서적>경상계열>세무/회계
IFRS 밀레니엄 회계원리,9.79E+12,20200106,국내도서>대학교재/전문서적>경상계열>세무/회계
통계학 개론,9.79E+12,20160810,국내도서>대학교재/전문서적>경상계열>통계
사례로 배우는 확률과 통계,9.79E+12,20200302,국내도서>대학교재/전문서적>경상계열>통계
제대로 시작하는 기초 통계학 : Excel 활용,9.79E+12,20210106,국내도서>대학교재/전문서적>경상계열>통계
통계학 : R을 이용한 분석,9.79E+12,20160610,국내도서>대학교재/전문서적>경상계열>통계
창의적 공학설계,9.79E+12,20200710,국내도서>대학교재/전문서적>공학계열>공학일반
기계공작법,9.79E+12,20150904,국내도서>대학교재/전문서적>공학계열>기계공학>기계설계/공작
공업역학 정역학,9.79E+12,20150305,국내도서>대학교재/전문서적>공학계열>기계공학>기초역학/열역학/역학일반
신호 및 시스템 (강철호 외),9.79E+12,20151106,국내도서>대학교재/전문서적>공학계열>전기전자공학>신호처리/제어
동적시스템 자동제어,9.79E+12,20201230,국내도서>대학교재/전문서적>공학계열>전기전자공학>신호처리/제어
핵심이 보이는 신호 및 시스템,9.79E+12,20150109,국내도서>대학교재/전문서적>공학계열>전기전자공학>신호처리/제어
처음 만나는 자동제어공학,9.79E+12,20161212,국내도서>대학교재/전문서적>공학계열>전기전자공학>신호처리/제어
핵심이 보이는 제어공학,9.79E+12,20180228,국내도서>대학교재/전문서적>공학계열>전기전자공학>신호처리/제어
전기전자공학,9.79E+12,20170905,국내도서>대학교재/전문서적>공학계열>전기전자공학>전기전자 개론
최신 디지털 공학,9.79E+12,20180905,국내도서>대학교재/전문서적>공학계열>전기전자공학>전기전자 개론
처음 만나는 전자기학,9.79E+12,20160630,국내도서>대학교재/전문서적>공학계열>전기전자공학>전자기학
핵심 화학반응공학,9.79E+12,20200220,국내도서>대학교재/전문서적>공학계열>화학/금속/재료공학>화학공학 기초
수목생리학,9.79E+12,20210830,국내도서>대학교재/전문서적>농축산생명계열>농림수산학
Kuby 면역학,9.79E+12,20200302,국내도서>대학교재/전문서적>의약학간호계열>기초의학>면역학
약제학 실습,9.79E+12,20130215,국내도서>대학교재/전문서적>의약학간호계열>약학>약제학/제재학
근육뼈대계통 Palpation Road Map,9.79E+12,20210302,국내도서>대학교재/전문서적>의약학간호계열>외과>정형외과
최신정신의학,9.79E+12,20150325,국내도서>대학교재/전문서적>의약학간호계열>의학 일반>정신의학
인지행동치료 이론과 실제,9.79E+12,20170309,국내도서>대학교재/전문서적>의약학간호계열>임상의학>신경정신과
보건인을 위한 안과학,9.79E+12,20190228,국내도서>대학교재/전문서적>의약학간호계열>임상의학>안과
그림과 마인드맵 의학용어,9.79E+12,20170125,국내도서>대학교재/전문서적>의약학간호계열>참고도서/백서
역사 속의 동서문화교류,9.79E+12,20160824,국내도서>대학교재/전문서적>인문계열>역사학
최신 대학물리학 2,9.79E+12,20180305,국내도서>대학교재/전문서적>자연과학계열>물리학
양자역학,9.79E+12,20190301,국내도서>대학교재/전문서적>자연과학계열>물리학
생물공정공학,9.79E+12,20180302,국내도서>대학교재/전문서적>자연과학계열>생물학
발생생물학,9.79E+12,20180901,국내도서>대학교재/전문서적>자연과학계열>생물학
세상을 바꾸는 생명과학,9.79E+12,20200901,국내도서>대학교재/전문서적>자연과학계열>생물학
미분적분학과 그 응용 (이정례 외),9.79E+12,20150901,국내도서>대학교재/전문서적>자연과학계열>수학
프리드버그 선형대수학,9.79E+12,20200605,국내도서>대학교재/전문서적>자연과학계열>수학
4차 산업혁명 시대의 이산수학,9.79E+12,20190610,국내도서>대학교재/전문서적>자연과학계열>수학
누구나 파이썬 통계분석,9.79E+12,20200406,국내도서>대학교재/전문서적>자연과학계열>수학
이공계생을 위한 확률과 통계,9.79E+12,20210607,국내도서>대학교재/전문서적>자연과학계열>수학
미분적분학 : 대학수학의 첫걸음,9.79E+12,20210106,국내도서>대학교재/전문서적>자연과학계열>수학
MSE 확률과 통계 입문,9.79E+12,20170710,국내도서>대학교재/전문서적>자연과학계열>수학
최신분석화학,9.79E+12,20130201,국내도서>대학교재/전문서적>자연과학계열>화학
줌달의 기본 일반화학,9.79E+12,20201218,국내도서>대학교재/전문서적>자연과학계열>화학
McMurry 핵심일반화학,9.79E+12,20200305,국내도서>대학교재/전문서적>자연과학계열>화학
만화로 읽는 사마천의 사기 1,9.79E+12,20200504,국내도서>만화>교양만화>인문/교양
만화로 읽는 사마천의 사기 7,9.79E+12,20210630,국내도서>만화>교양만화>인문/교양
유럽 역사에서 본 로마법,9.79E+12,20210820,국내도서>사회과학>법과 생활>법률이야기/법조인이야기
법으로 읽는 유럽사,9.79E+12,20180112,국내도서>사회과학>법과 생활>법률이야기/법조인이야기
모두가 기분 나쁜 부동산의 시대,9.79E+12,20210811,국내도서>사회과학>비평/칼럼>한국사회비평/칼럼
한국의 능력주의,9.79E+12,20210913,국내도서>사회과학>사회문제>빈곤/불평등문제
꼬리에 꼬리를 무는 그날 이야기,9.79E+12,20210420,국내도서>사회과학>사회문제>사회문제 일반
"행복한 감시국가, 중국",9.79E+12,20210709,국내도서>사회과학>사회문제>사회문제 일반
자본론 1 - 상,9.79E+12,20151120,국내도서>사회과학>사회사상/사회사상사>마르크스주의>고전 마르크스주의
자본론 부록,9.79E+12,20151120,국내도서>사회과학>사회사상/사회사상사>마르크스주의>고전 마르크스주의
자본론 1 - 하,9.79E+12,20151120,국내도서>사회과학>사회사상/사회사상사>마르크스주의>고전 마르크스주의
애덤 스미스 국부론,9.79E+12,20180727,국내도서>사회과학>사회사상/사회사상사>사회사상/사회사상사 일반
앎의 나무,9.79E+12,20070505,국내도서>사회과학>사회사상/사회사상사>사회사상/사회사상사 일반
한국 사회과학의 기원,9.79E+12,20210914,국내도서>사회과학>사회사상/사회사상사>사회사상/사회사상사 일반
프루동 평전,9.79E+12,20210802,국내도서>사회과학>사회사상/사회사상사>사회사상/사회사상사 일반
사회학자와 역사학자,9.79E+12,20190405,국내도서>사회과학>사회사상/사회사상사>사회사상/사회사상사 일반
근대화라는 이데올로기,9.79E+12,20210803,국내도서>사회과학>사회사상/사회사상사>사회사상/사회사상사 일반
네덜란드 케어팜을 가다,9.79E+12,20200910,국내도서>사회과학>사회운동>사회운동 일반
2050 거주불능 지구,9.79E+12,20200422,국내도서>사회과학>사회학>사회학 일반
자폐의 거의 모든 역사,9.79E+12,20210601,국내도서>사회과학>사회학>사회학 일반
정치적 부족주의,9.79E+12,20200416,국내도서>사회과학>정치학/외교학/행정학>세계패권과 국제질서
군주론,9.79E+12,20210726,국내도서>사회과학>정치학/외교학/행정학>외교정책/외교학
중국 갑질 2천 년,9.79E+12,20210915,국내도서>사회과학>정치학/외교학/행정학>외교정책/외교학
자유론,9.79E+12,20180330,국내도서>사회과학>정치학/외교학/행정학>정치학 일반
혼돈의 시대 리더의 탄생,9.79E+12,20200304,국내도서>사회과학>정치학/외교학/행정학>정치학 일반
지리의 힘,9.79E+12,20160810,국내도서>사회과학>지리학/지정학>지리학
지정학의 힘,9.79E+12,20201118,국내도서>사회과학>지리학/지정학>지정학
지리 대전,9.79E+12,20210412,국내도서>사회과학>지리학/지정학>지정학
디그로쓰,9.79E+12,20210827,국내도서>사회과학>환경/생태문제>환경문제
"빌 게이츠, 기후재앙을 피하는 법",9.79E+12,20210216,국내도서>사회과학>환경/생태문제>환경문제
지구를 위한 변론,9.79E+12,20210913,국내도서>사회과학>환경/생태문제>환경문제
기후정의선언 2021,9.79E+12,20210913,국내도서>사회과학>환경/생태문제>환경문제
대혼란의 시대,9.79E+12,20210420,국내도서>사회과학>환경/생태문제>환경문제
침묵의 봄,9.79E+12,20111230,국내도서>사회과학>환경/생태문제>환경학 일반
자연 기계,9.79E+12,20180430,국내도서>사회과학>환경/생태문제>환경학 일반
우리는 결국 지구를 위한 답을 찾을 것이다,9.79E+12,20210617,국내도서>사회과학>환경/생태문제>환경학 일반
멋진 신세계,9.79E+12,20180320,국내도서>소설/시/희곡>과학소설(SF)>외국 과학소설
제5도살장 (리커버 에디션),9.79E+12,20200713,국내도서>소설/시/희곡>과학소설(SF)>외국 과학소설
마션,9.79E+12,20210504,국내도서>소설/시/희곡>과학소설(SF)>외국 과학소설
죽은 등산가의 호텔,9.79E+12,20210913,국내도서>소설/시/희곡>과학소설(SF)>외국 과학소설
듄 신장판 1,9.79E+12,20210122,국내도서>소설/시/희곡>과학소설(SF)>외국 과학소설
천 개의 파랑,9.79E+12,20200819,국내도서>소설/시/희곡>과학소설(SF)>한국 과학소설
우리가 빛의 속도로 갈 수 없다면,9.79E+12,20190624,국내도서>소설/시/희곡>과학소설(SF)>한국 과학소설
지구 끝의 온실,9.79E+12,20210818,국내도서>소설/시/희곡>과학소설(SF)>한국 과학소설
변신.시골의사,9.79E+12,19980805,국내도서>소설/시/희곡>독일소설
"초판본 싯다르타 (리커버 한정판, 양장 블랙벨벳 에디션)",9.79E+12,20200625,국내도서>소설/시/희곡>독일소설
수레바퀴 아래서,9.79E+12,20010810,국내도서>소설/시/희곡>독일소설
데미안 (오리지널 초판본 표지디자인),9.79E+12,20170101,국내도서>소설/시/희곡>독일소설
변신,9.79E+12,20050730,국내도서>소설/시/희곡>독일소설
소송 (리커버 특별판),9.79E+12,20210813,국내도서>소설/시/희곡>독일소설
싯다르타,9.79E+12,20020120,국내도서>소설/시/희곡>독일소설
"초판본 데미안 (리커버 한정판, 패브릭 양장)",9.79E+12,20171030,국내도서>소설/시/희곡>독일소설
데미안,9.79E+12,20001220,국내도서>소설/시/희곡>독일소설
꿈 (2021 서울국제도서전 리커버 특별판),9.79E+12,20210915,국내도서>소설/시/희곡>독일소설
젊은 베르테르의 슬픔 (무선),9.79E+12,20100823,국내도서>소설/시/희곡>독일소설
데미안 + 수레바퀴 아래서 초판본 리커버 디자인 고급 벨벳 양장본 세트 - 전2권,9.79E+12,20200130,국내도서>소설/시/희곡>독일소설
마의 산 -상,9.79E+12,20080620,국내도서>소설/시/희곡>독일소설
"초판본 데미안 + 수레바퀴 아래서 세트 - 전2권 (리커버 한정판, 패브릭 양장)",9.79E+12,20171030,국내도서>소설/시/희곡>독일소설
꿈,9.79E+12,20140131,국내도서>소설/시/희곡>독일소설
헤르만 헤세 초판본 데미안 + 수레바퀴 아래서 세트 - 전2권 (오리지널 초판본 디자인),9.79E+12,20170101,국내도서>소설/시/희곡>독일소설
삶의 한가운데,9.79E+12,19990625,국내도서>소설/시/희곡>독일소설
초판본 싯다르타 (패브릭 양장),9.79E+12,20200520,국내도서>소설/시/희곡>독일소설
소설 주술회전 2,9.79E+12,20210827,국내도서>소설/시/희곡>라이트 노벨>기타 라이트노벨
책벌레의 하극상 제4부 귀족원의 자칭 도서위원 9,9.79E+12,20210916,국내도서>소설/시/희곡>라이트 노벨>기타 라이트노벨
악령 1,9.79E+12,20210625,국내도서>소설/시/희곡>러시아소설
카라마조프 가의 형제들 세트 - 전3권,9.79E+12,20121106,국내도서>소설/시/희곡>러시아소설
지하로부터의 수기,9.79E+12,20100226,국내도서>소설/시/희곡>러시아소설
톨스토이 단편선 1,9.79E+12,20051223,국내도서>소설/시/희곡>러시아소설
사람은 무엇으로 사는가 (러시아 원전 번역본),9.79E+12,20210205,국내도서>소설/시/희곡>러시아소설
이반 일리치의 죽음,9.79E+12,20121009,국내도서>소설/시/희곡>러시아소설
죄와 벌 - 상,9.79E+12,20091215,국내도서>소설/시/희곡>러시아소설
죄와 벌 - 하,9.79E+12,20091215,국내도서>소설/시/희곡>러시아소설
"이반 데니소비치, 수용소의 하루",9.79E+12,19980930,국내도서>소설/시/희곡>러시아소설
부활 2,9.79E+12,20191227,국내도서>소설/시/희곡>러시아소설
부활 1,9.79E+12,20191227,국내도서>소설/시/희곡>러시아소설
우리들,9.79E+12,20091204,국내도서>소설/시/희곡>러시아소설
첫사랑,9.79E+12,20030705,국내도서>소설/시/희곡>러시아소설
죄와 벌 1,9.79E+12,20120330,국내도서>소설/시/희곡>러시아소설
악령 3,9.79E+12,20210625,국내도서>소설/시/희곡>러시아소설
스너프,9.79E+12,20210913,국내도서>소설/시/희곡>러시아소설
당신을 원하는 나에게 1,9.79E+12,20210914,국내도서>소설/시/희곡>로맨스소설>한국 로맨스소설
마리포사 외전 : 말론초의 회고록,9.79E+12,20211005,국내도서>소설/시/희곡>로맨스소설>한국 로맨스소설
홍천기 1~2 세트 - 전2권 (리커버 에디션),9.79E+12,20210820,국내도서>소설/시/희곡>로맨스소설>한국 로맨스소설
옷소매 붉은 끝동 세트 - 전2권,9.79E+12,20170406,국내도서>소설/시/희곡>로맨스소설>한국 로맨스소설
우리 개는 주인도 물어요,9.79E+12,20210917,국내도서>소설/시/희곡>로맨스소설>한국 로맨스소설
악스트 Axt 2021.9.10,9.77E+12,20210907,국내도서>소설/시/희곡>문학 잡지>기타
릿터 Littor 2021.8.9,9.77E+12,20210806,국내도서>소설/시/희곡>문학 잡지>기타
문학동네 108호 - 2021.가을,9.77E+12,20210914,국내도서>소설/시/희곡>문학 잡지>문학동네
자음과 모음 2021.가을,9.77E+12,20210901,국내도서>소설/시/희곡>문학 잡지>자음과모음
창작과 비평 193호 - 2021.가을,9.77E+12,20210825,국내도서>소설/시/희곡>문학 잡지>창작과비평
SF 연대기,9.79E+12,20210907,국내도서>소설/시/희곡>문학의 이해>소설론
"여성 시학, 1980~1990",9.79E+12,20210901,국내도서>소설/시/희곡>문학의 이해>시론
인간의 130가지 감정 표현법,9.79E+12,20191202,국내도서>소설/시/희곡>문학의 이해>창작.문장작법
파우스트 1,9.79E+12,19990320,국내도서>소설/시/희곡>세계의 문학>독일문학
셰익스피어 4대 비극 세트 : 햄릿.오셀로.맥베스.리어 왕 - 전4권,9.79E+12,20121106,국내도서>소설/시/희곡>세계의 문학>영국문학
고도를 기다리며,9.79E+12,20001120,국내도서>소설/시/희곡>세계의 문학>프랑스문학
이솝 우화 전집 (그리스어 원전 완역본),9.79E+12,20201019,국내도서>소설/시/희곡>세계의 소설>기타 국가 소설
빨강 머리 앤,9.79E+12,20190620,국내도서>소설/시/희곡>세계의 소설>기타 국가 소설
빨간 머리 앤 + 에이번리의 앤 세트 (리커버 에디션) - 전2권,9.79E+12,20180928,국내도서>소설/시/희곡>세계의 소설>기타 국가 소설
책도둑 (합본 특별판),9.79E+12,20210827,국내도서>소설/시/희곡>세계의 소설>기타 국가 소설
클레이의 다리,9.79E+12,20210827,국내도서>소설/시/희곡>세계의 소설>기타 국가 소설
참을 수 없는 존재의 가벼움,9.79E+12,20180620,국내도서>소설/시/희곡>세계의 소설>동유럽소설
숲으로 간 루푸스,9.79E+12,20210730,국내도서>소설/시/희곡>세계의 소설>동유럽소설
달콤한 복수 주식회사,9.79E+12,20210905,국내도서>소설/시/희곡>세계의 소설>북유럽소설
창문 넘어 도망친 100세 노인,9.79E+12,20130725,국내도서>소설/시/희곡>세계의 소설>북유럽소설
행복한 왕자,9.79E+12,20210815,국내도서>소설/시/희곡>세계의 소설>아일랜드소설
보이지 않는 도시들,9.79E+12,20070225,국내도서>소설/시/희곡>세계의 소설>이탈리아소설
순응주의자,9.79E+12,20210913,국내도서>소설/시/희곡>세계의 소설>이탈리아소설
픽션들,9.79E+12,20111021,국내도서>소설/시/희곡>스페인/중남미소설
돈키호테 1~2 (리커버 특별판 + 박스 세트) - 전2권,S000832736970,20201220,국내도서>소설/시/희곡>스페인/중남미소설
달콤 쌉싸름한 초콜릿,9.79E+12,20041020,국내도서>소설/시/희곡>스페인/중남미소설
백년의 고독 1,9.79E+12,20000105,국내도서>소설/시/희곡>스페인/중남미소설
돈키호테 1,9.79E+12,20141115,국내도서>소설/시/희곡>스페인/중남미소설
오렌지주를 증류하는 사람들,9.79E+12,20210913,국내도서>소설/시/희곡>스페인/중남미소설
아처,9.79E+12,20210811,국내도서>소설/시/희곡>스페인/중남미소설
연금술사,9.79E+12,20011201,국내도서>소설/시/희곡>스페인/중남미소설
단테의 신곡,9.79E+12,20160129,국내도서>소설/시/희곡>시>외국시
신곡 세트 - 전3권,9.79E+12,20130808,국내도서>소설/시/희곡>시>외국시
초판본 악의 꽃,9.79E+12,20210604,국내도서>소설/시/희곡>시>외국시
악의 꽃,9.79E+12,20160519,국내도서>소설/시/희곡>시>외국시
지금 알고 있는 걸 그때도 알았더라면,9.79E+12,20141203,국내도서>소설/시/희곡>시>외국시
입 속의 검은 잎,9.79E+12,19890530,국내도서>소설/시/희곡>시>유고시집
주소를 쥐고,9.79E+12,20210901,국내도서>소설/시/희곡>시>한국시
여름 언덕에서 배운 것 (알라딘 리커버 한정판),9.79E+12,20200724,국내도서>소설/시/희곡>시>한국시
꽃을 보듯 너를 본다,9.79E+12,20150620,국내도서>소설/시/희곡>시>한국시
빛의 자격을 얻어,9.79E+12,20210824,국내도서>소설/시/희곡>시>한국시
비에 도착하는 사람들은 모두 제시간에 온다,9.79E+12,20210828,국내도서>소설/시/희곡>시>한국시
"봄밤이 끝나가요, 때마침 시는 너무 짧고요",9.79E+12,20210525,국내도서>소설/시/희곡>시>한국시
도움받는 기분,9.79E+12,20210405,국내도서>소설/시/희곡>시>한국시
풀꽃,9.79E+12,20210405,국내도서>소설/시/희곡>시>한국시
저녁은 넓고 조용해 왜 노래를 부르지 않니,9.79E+12,20210830,국내도서>소설/시/희곡>시>한국시
글라스드 아이즈,9.79E+12,20210831,국내도서>소설/시/희곡>시>한국시
내 따스한 유령들,9.79E+12,20210805,국내도서>소설/시/희곡>시>한국시
수학자의 아침,9.79E+12,20131111,국내도서>소설/시/희곡>시>한국시
에이전트 러너,9.79E+12,20210827,국내도서>소설/시/희곡>액션/스릴러소설>외국 액션/스릴러소설
피가 흐르는 곳에,9.79E+12,20210810,국내도서>소설/시/희곡>액션/스릴러소설>외국 액션/스릴러소설
완벽한 아내를 위한 레시피,9.79E+12,20210908,국내도서>소설/시/희곡>액션/스릴러소설>외국 액션/스릴러소설
삼국지 세트 - 전10권,9.79E+12,20030630,국내도서>소설/시/희곡>역사소설>외국 역사소설
"이문열 삼국지 1~10 세트 (특별 한정 보급판, 삼국지 인물도록 포함) - 전10권",9.79E+12,20200325,국내도서>소설/시/희곡>역사소설>외국 역사소설
월탄 박종화 삼국지 1,9.79E+12,20090130,국내도서>소설/시/희곡>역사소설>외국 역사소설
충칭의 붉은 봄 重?的?色春天,9.79E+12,20210728,국내도서>소설/시/희곡>역사소설>외국 역사소설
초판본 오만과 편견,9.79E+12,20190715,국내도서>소설/시/희곡>영미소설
프랑켄슈타인,9.79E+12,20210521,국내도서>소설/시/희곡>영미소설
인간의 굴레에서 1,9.79E+12,19980930,국내도서>소설/시/희곡>영미소설
등대로 (리커버),9.79E+12,20200310,국내도서>소설/시/희곡>영미소설
1984,9.79E+12,20201102,국내도서>소설/시/희곡>영미소설
인생의 베일,9.79E+12,20070202,국내도서>소설/시/희곡>영미소설
노인과 바다,9.79E+12,20120102,국내도서>소설/시/희곡>영미소설
이상한 나라의 앨리스 (디즈니 애니메이션 70주년 특별 에디션 고급 벨벳 양장본),9.79E+12,20210326,국내도서>소설/시/희곡>영미소설
위대한 개츠비,9.79E+12,20101208,국내도서>소설/시/희곡>영미소설
호밀밭의 파수꾼,9.79E+12,20010530,국내도서>소설/시/희곡>영미소설
걸 클래식 환상 컬렉션 세트 - 전3권,9.79E+12,20210910,국내도서>소설/시/희곡>영미소설
오만과 편견,9.79E+12,20030920,국내도서>소설/시/희곡>영미소설
야성의 부름,9.79E+12,20100225,국내도서>소설/시/희곡>영미소설
오만과 편견 (리커버 특별판),9.79E+12,20210813,국내도서>소설/시/희곡>영미소설
노인과 바다 (리커버 특별판),9.79E+12,20210813,국내도서>소설/시/희곡>영미소설
동물농장,9.79E+12,19980805,국내도서>소설/시/희곡>영미소설
달과 6펜스,9.79E+12,20000620,국내도서>소설/시/희곡>영미소설
프랑켄슈타인 (리커버 특별판),9.79E+12,20210813,국내도서>소설/시/희곡>영미소설
1984 (무선),9.79E+12,20091215,국내도서>소설/시/희곡>영미소설
폭풍의 언덕,9.79E+12,20050315,국내도서>소설/시/희곡>영미소설
피터 팬,9.79E+12,20210910,국내도서>소설/시/희곡>영미소설
작은 아씨들,9.79E+12,20210801,국내도서>소설/시/희곡>영미소설
초판본 프랑켄슈타인,9.79E+12,20201231,국내도서>소설/시/희곡>영미소설
초판본 크리스마스 캐럴,9.79E+12,20201219,국내도서>소설/시/희곡>영미소설
시크릿 가든 - 초판본 비밀의 화원,9.79E+12,20200901,국내도서>소설/시/희곡>영미소설
두 도시 이야기,9.79E+12,20150305,국내도서>소설/시/희곡>영미소설
올리버 트위스트 (완역본),9.79E+12,20200102,국내도서>소설/시/희곡>영미소설
내가 죽어 누워 있을 때,9.79E+12,20030715,국내도서>소설/시/희곡>영미소설
위대한 유산 1,9.79E+12,20090630,국내도서>소설/시/희곡>영미소설
프랑켄슈타인 (무선),9.79E+12,20120618,국내도서>소설/시/희곡>영미소설
최면술사 : 마크 트웨인 단편집,9.79E+12,20190325,국내도서>소설/시/희곡>영미소설
태양은 다시 떠오른다,9.79E+12,20120102,국내도서>소설/시/희곡>영미소설
무기여 잘 있어라,9.79E+12,20120102,국내도서>소설/시/희곡>영미소설
바람과 함께 사라지다 - 하,9.79E+12,20101230,국내도서>소설/시/희곡>영미소설
포스트맨은 벨을 두번 울린다,9.79E+12,20080205,국내도서>소설/시/희곡>영미소설
서머싯 몸 단편선 1,9.79E+12,20210909,국내도서>소설/시/희곡>영미소설
아킬레우스의 노래 (리커버 특별판),9.79E+12,20210706,국내도서>소설/시/희곡>영미소설
열린책들 창립 35주년 기념 세계문학 중단편 NOON 세트 - 전10권,9.79E+12,20210801,국내도서>소설/시/희곡>영미소설
파친코 1,9.79E+12,20180323,국내도서>소설/시/희곡>영미소설
파친코 2,9.79E+12,20180323,국내도서>소설/시/희곡>영미소설
키르케 (리커버 특별판),9.79E+12,20210405,국내도서>소설/시/희곡>영미소설
열린책들 창립 35주년 기념 세계문학 중단편 MIDNIGHT 세트 - 전10권,9.79E+12,20210801,국내도서>소설/시/희곡>영미소설
케이크와 맥주,9.79E+12,20210910,국내도서>소설/시/희곡>영미소설
미드나잇 라이브러리,9.79E+12,20210428,국내도서>소설/시/희곡>영미소설
"스토너 (초판본, 양장)",9.79E+12,20200624,국내도서>소설/시/희곡>영미소설
겨울,9.79E+12,20210823,국내도서>소설/시/희곡>영미소설
올리브 키터리지,9.79E+12,20100506,국내도서>소설/시/희곡>영미소설
모비 딕,9.79E+12,20110516,국내도서>소설/시/희곡>영미소설
천 개의 찬란한 태양,9.79E+12,20071125,국내도서>소설/시/희곡>영미소설
동급생,9.79E+12,20170210,국내도서>소설/시/희곡>영미소설
내 영혼이 따뜻했던 날들,9.79E+12,20140530,국내도서>소설/시/희곡>영미소설
"에비 드레이크, 다시 시작하다",9.79E+12,20210906,국내도서>소설/시/희곡>영미소설
패싱,9.79E+12,20210812,국내도서>소설/시/희곡>영미소설
구운몽,9.79E+12,20030125,국내도서>소설/시/희곡>우리나라 옛글>산문
최성윤 교수와 함께 읽는 허생전 / 양반전,9.79E+12,20190120,국내도서>소설/시/희곡>우리나라 옛글>산문
인간 실격,9.79E+12,20040515,국내도서>소설/시/희곡>일본소설>1950년대 이전 일본소설
설국,9.79E+12,20020128,국내도서>소설/시/희곡>일본소설>1950년대 이후 일본소설
깊은 강,9.79E+12,20071030,국내도서>소설/시/희곡>일본소설>1950년대 이후 일본소설
"최애, 타오르다",9.79E+12,20210805,국내도서>소설/시/희곡>일본소설>1950년대 이후 일본소설
여름은 오래 그곳에 남아,9.79E+12,20160819,국내도서>소설/시/희곡>일본소설>1950년대 이후 일본소설
방황하는 칼날,9.79E+12,20210726,국내도서>소설/시/희곡>일본소설>1950년대 이후 일본소설
공중그네 (리커버 특별판),9.79E+12,20050115,국내도서>소설/시/희곡>일본소설>1950년대 이후 일본소설
나미야 잡화점의 기적,9.79E+12,20121219,국내도서>소설/시/희곡>일본소설>1950년대 이후 일본소설
"오늘 밤, 세계에서 이 사랑이 사라진다 해도",9.79E+12,20210621,국내도서>소설/시/희곡>일본소설>1950년대 이후 일본소설
일인칭 단수,9.79E+12,20201126,국내도서>소설/시/희곡>일본소설>1950년대 이후 일본소설
상실의 시대,9.79E+12,20001002,국내도서>소설/시/희곡>일본소설>1950년대 이후 일본소설
노르웨이의 숲,9.79E+12,20170807,국내도서>소설/시/희곡>일본소설>1950년대 이후 일본소설
무기모토 산포는 오늘이 좋아,9.79E+12,20210727,국내도서>소설/시/희곡>일본소설>1950년대 이후 일본소설
마술 피리,9.79E+12,20210915,국내도서>소설/시/희곡>추리/미스터리소설>기타국가 추리/미스터리소설
셜록 홈즈 전집 세트 - 전10권,9.79E+12,20121210,국내도서>소설/시/희곡>추리/미스터리소설>영미 추리/미스터리소설
형사 부스지마 최후의 사건,9.79E+12,20210915,국내도서>소설/시/희곡>추리/미스터리소설>일본 추리/미스터리소설
루팡의 딸 2,9.79E+12,20210716,국내도서>소설/시/희곡>추리/미스터리소설>일본 추리/미스터리소설
달콤한 숨결,9.79E+12,20210906,국내도서>소설/시/희곡>추리/미스터리소설>일본 추리/미스터리소설
기담 룸,9.79E+12,20210915,국내도서>소설/시/희곡>추리/미스터리소설>일본 추리/미스터리소설
버터,9.79E+12,20210825,국내도서>소설/시/희곡>추리/미스터리소설>일본 추리/미스터리소설
백조와 박쥐,9.79E+12,20210816,국내도서>소설/시/희곡>추리/미스터리소설>일본 추리/미스터리소설
요리코를 위해 (스페셜 리커버 에디션),9.79E+12,20200304,국내도서>소설/시/희곡>추리/미스터리소설>일본 추리/미스터리소설
용의자 X의 헌신,9.79E+12,20170830,국내도서>소설/시/희곡>추리/미스터리소설>일본 추리/미스터리소설
스키마와라시,9.79E+12,20210719,국내도서>소설/시/희곡>추리/미스터리소설>일본 추리/미스터리소설
살인범 협박 시 주의사항,9.79E+12,20210825,국내도서>소설/시/희곡>추리/미스터리소설>일본 추리/미스터리소설
요네자와 호노부와 고전부,9.79E+12,20210709,국내도서>소설/시/희곡>추리/미스터리소설>일본 추리/미스터리소설
비밀,9.79E+12,20210721,국내도서>소설/시/희곡>추리/미스터리소설>일본 추리/미스터리소설
하멜른의 유괴마,9.79E+12,20210831,국내도서>소설/시/희곡>추리/미스터리소설>일본 추리/미스터리소설
조선의 형사들,9.79E+12,20210910,국내도서>소설/시/희곡>추리/미스터리소설>한국 추리/미스터리소설
밤의 여행자들,9.79E+12,20131011,국내도서>소설/시/희곡>추리/미스터리소설>한국 추리/미스터리소설
마지막 소년,9.79E+12,20210827,국내도서>소설/시/희곡>추리/미스터리소설>한국 추리/미스터리소설
걸리버 여행기 (무삭제 완역본),9.79E+12,20190904,국내도서>소설/시/희곡>판타지/환상문학>외국판타지/환상소설
해리 포터와 마법사의 돌 (미나리마 에디션),9.79E+12,20201020,국내도서>소설/시/희곡>판타지/환상문학>외국판타지/환상소설
해리 포터와 혼혈왕자 2 (양장),9.79E+12,20200120,국내도서>소설/시/희곡>판타지/환상문학>외국판타지/환상소설
해리 포터 시리즈 1~4편 박스 세트 - 전10권 (무선),9.79E+12,20191119,국내도서>소설/시/희곡>판타지/환상문학>외국판타지/환상소설
해리 포터 시리즈 5~7편 박스 세트 - 전13권 (무선),9.79E+12,20200228,국내도서>소설/시/희곡>판타지/환상문학>외국판타지/환상소설
해리 포터와 마법사의 돌 1 (무선),9.79E+12,20191119,국내도서>소설/시/희곡>판타지/환상문학>외국판타지/환상소설
"칵테일, 러브, 좀비",9.79E+12,20200413,국내도서>소설/시/희곡>판타지/환상문학>한국판타지/환상소설
달러구트 꿈 백화점 2,9.79E+12,20210727,국내도서>소설/시/희곡>판타지/환상문학>한국판타지/환상소설
달러구트 꿈 백화점,9.79E+12,20200708,국내도서>소설/시/희곡>판타지/환상문학>한국판타지/환상소설
단명소녀 투쟁기,9.79E+12,20210715,국내도서>소설/시/희곡>판타지/환상문학>한국판타지/환상소설
위저드 베이커리,9.79E+12,20090327,국내도서>소설/시/희곡>판타지/환상문학>한국판타지/환상소설
기괴한 레스토랑 1,9.79E+12,20210915,국내도서>소설/시/희곡>판타지/환상문학>한국판타지/환상소설
마담 보바리,9.79E+12,20210819,국내도서>소설/시/희곡>프랑스소설
구토,9.79E+12,20201231,국내도서>소설/시/희곡>프랑스소설
어린왕자 (소프트커버 에디션),9.79E+12,20200922,국내도서>소설/시/희곡>프랑스소설
페스트,9.79E+12,20110325,국내도서>소설/시/희곡>프랑스소설
어린왕자 : 0629 에디션,9.79E+12,20200629,국내도서>소설/시/희곡>프랑스소설
초판본 어린 왕자 (양장),9.79E+12,20180903,국내도서>소설/시/희곡>프랑스소설
페스트 (리커버 특별판),9.79E+12,20210813,국내도서>소설/시/희곡>프랑스소설
이방인,9.79E+12,20190902,국내도서>소설/시/희곡>프랑스소설
브람스를 좋아하세요...,9.79E+12,20080502,국내도서>소설/시/희곡>프랑스소설
어린 왕자 (회전목마 팝업북),9.79E+12,20210917,국내도서>소설/시/희곡>프랑스소설
"필사의 힘 : 생텍쥐페리처럼, 어린 왕자 따라쓰기",9.79E+12,20150710,국내도서>소설/시/희곡>프랑스소설
초판본 페스트 (양장),9.79E+12,20200320,국내도서>소설/시/희곡>프랑스소설
몬테크리스토 백작 1,9.79E+12,20161130,국내도서>소설/시/희곡>프랑스소설
몬테크리스토 백작 3,9.79E+12,20161130,국내도서>소설/시/희곡>프랑스소설
잃어버린 시간을 찾아서 10,9.79E+12,20201113,국내도서>소설/시/희곡>프랑스소설
어린 왕자 (팝업북),9.79E+12,20180831,국내도서>소설/시/희곡>프랑스소설
초판본 이방인,9.79E+12,20200330,국내도서>소설/시/희곡>프랑스소설
레미제라블,9.79E+12,20190725,국내도서>소설/시/희곡>프랑스소설
페스트 (무선),9.79E+12,20151226,국내도서>소설/시/희곡>프랑스소설
좁은 문 / 전원교향곡 / 배덕자,9.79E+12,20150731,국내도서>소설/시/희곡>프랑스소설
태평양을 막는 제방,9.79E+12,20210827,국내도서>소설/시/희곡>프랑스소설
애린 왕자,9.79E+12,20210105,국내도서>소설/시/희곡>프랑스소설
신기한 구름,9.79E+12,20210910,국내도서>소설/시/희곡>프랑스소설
패주,9.79E+12,20210820,국내도서>소설/시/희곡>프랑스소설
문명 1,9.79E+12,20210530,국내도서>소설/시/희곡>프랑스소설
문명 2,9.79E+12,20210530,국내도서>소설/시/희곡>프랑스소설
어린 왕자,9.79E+12,20151020,국내도서>소설/시/희곡>프랑스소설
나는 나의 밤을 떠나지 않는다,9.79E+12,20210722,국내도서>소설/시/희곡>프랑스소설
모순,9.79E+12,20130401,국내도서>소설/시/희곡>한국소설>2000년대 이전 한국소설
마당 깊은 집,9.79E+12,20180903,국내도서>소설/시/희곡>한국소설>2000년대 이전 한국소설
난장이가 쏘아올린 작은 공,9.79E+12,20000710,국내도서>소설/시/희곡>한국소설>2000년대 이전 한국소설
아홉살 인생,9.79E+12,20200506,국내도서>소설/시/희곡>한국소설>2000년대 이전 한국소설
내게 무해한 사람,9.79E+12,20180630,국내도서>소설/시/희곡>한국소설>2000년대 이후 한국소설
도서관 런웨이,9.79E+12,20210826,국내도서>소설/시/희곡>한국소설>2000년대 이후 한국소설
쇼코의 미소,9.79E+12,20160707,국내도서>소설/시/희곡>한국소설>2000년대 이후 한국소설
소설 보다 : 여름 2021,9.79E+12,20210608,국내도서>소설/시/희곡>한국소설>2000년대 이후 한국소설
일주일,9.79E+12,20210901,국내도서>소설/시/희곡>한국소설>2000년대 이후 한국소설
구의 증명,9.79E+12,20150330,국내도서>소설/시/희곡>한국소설>2000년대 이후 한국소설
피프티 피플,9.79E+12,20210813,국내도서>소설/시/희곡>한국소설>2000년대 이후 한국소설
소년이 온다,9.79E+12,20140519,국내도서>소설/시/희곡>한국소설>2000년대 이후 한국소설
이만큼 가까이,9.79E+12,20210820,국내도서>소설/시/희곡>한국소설>2000년대 이후 한국소설
완벽한 생애,9.79E+12,20210915,국내도서>소설/시/희곡>한국소설>2000년대 이후 한국소설
0%를 향하여,9.79E+12,20210901,국내도서>소설/시/희곡>한국소설>2000년대 이후 한국소설
아몬드 (양장),9.79E+12,20170331,국내도서>소설/시/희곡>한국소설>2000년대 이후 한국소설
2021 제12회 젊은작가상 수상작품집,9.79E+12,20210407,국내도서>소설/시/희곡>한국소설>2000년대 이후 한국소설
"시선으로부터, (하와이 에디션)",9.79E+12,20200605,국내도서>소설/시/희곡>한국소설>2000년대 이후 한국소설
소설 보다 : 가을 2021,9.79E+12,20210913,국내도서>소설/시/희곡>한국소설>2000년대 이후 한국소설
불편한 편의점,9.79E+12,20210420,국내도서>소설/시/희곡>한국소설>2000년대 이후 한국소설
완전한 행복,9.79E+12,20210608,국내도서>소설/시/희곡>한국소설>2000년대 이후 한국소설
"재인, 재욱, 재훈 (리커버 에디션)",9.79E+12,20210916,국내도서>소설/시/희곡>한국소설>2000년대 이후 한국소설
밝은 밤,9.79E+12,20210727,국내도서>소설/시/희곡>한국소설>2000년대 이후 한국소설
작별하지 않는다,9.79E+12,20210909,국내도서>소설/시/희곡>한국소설>2000년대 이후 한국소설
파과,9.79E+12,20180416,국내도서>소설/시/희곡>한국소설>2000년대 이후 한국소설
날씨가 좋으면 찾아가겠어요,9.79E+12,20180628,국내도서>소설/시/희곡>한국소설>2000년대 이후 한국소설
장식과 무게,9.79E+12,20210824,국내도서>소설/시/희곡>한국소설>2000년대 이후 한국소설
빨간 치마를 입은 아이,9.79E+12,20210913,국내도서>소설/시/희곡>한국소설>2000년대 이후 한국소설
체공녀 강주룡,9.79E+12,20180718,국내도서>소설/시/희곡>한국소설>2000년대 이후 한국소설
여름의 빌라,9.79E+12,20200707,국내도서>소설/시/희곡>한국소설>2000년대 이후 한국소설
회색 인간,9.79E+12,20171227,국내도서>소설/시/희곡>한국소설>2000년대 이후 한국소설
관리자들,9.79E+12,20210903,국내도서>소설/시/희곡>한국소설>2000년대 이후 한국소설
세상이 멈추면 나는 요가를 한다,9.79E+12,20210916,국내도서>소설/시/희곡>한국소설>2000년대 이후 한국소설
옥상에서 만나요,9.79E+12,20181123,국내도서>소설/시/희곡>한국소설>2000년대 이후 한국소설
달까지 가자,9.79E+12,20210415,국내도서>소설/시/희곡>한국소설>2000년대 이후 한국소설
일의 기쁨과 슬픔,9.79E+12,20191025,국내도서>소설/시/희곡>한국소설>2000년대 이후 한국소설
바깥은 여름,9.79E+12,20170628,국내도서>소설/시/희곡>한국소설>2000년대 이후 한국소설
엄마에 대하여,9.79E+12,20210728,국내도서>소설/시/희곡>한국소설>2000년대 이후 한국소설
날마다 만우절,9.79E+12,20210707,국내도서>소설/시/희곡>한국소설>2000년대 이후 한국소설
비행운,9.79E+12,20120718,국내도서>소설/시/희곡>한국소설>2000년대 이후 한국소설
페인트 (양장),9.79E+12,20191129,국내도서>소설/시/희곡>한국소설>2000년대 이후 한국소설
타인의 집,9.79E+12,20210618,국내도서>소설/시/희곡>한국소설>2000년대 이후 한국소설
흰,9.79E+12,20180425,국내도서>소설/시/희곡>한국소설>2000년대 이후 한국소설
경계선,9.79E+12,20210730,국내도서>소설/시/희곡>호러.공포소설>외국 호러.공포소설
호러북클럽이 뱀파이어를 처단하는 방식,9.79E+12,20210825,국내도서>소설/시/희곡>호러.공포소설>외국 호러.공포소설
대불호텔의 유령,9.79E+12,20210813,국내도서>소설/시/희곡>호러.공포소설>한국 호러.공포소설
오이디푸스 왕,9.79E+12,20090821,국내도서>소설/시/희곡>희곡>외국희곡
인형의 집,9.79E+12,20071031,국내도서>소설/시/희곡>희곡>외국희곡
밤으로의 긴 여로,9.79E+12,20021101,국내도서>소설/시/희곡>희곡>외국희곡
세일즈맨의 죽음,9.79E+12,20090831,국내도서>소설/시/희곡>희곡>외국희곡
초판본 햄릿 (양장),9.79E+12,20200325,국내도서>소설/시/희곡>희곡>외국희곡
초딩 인생 처음 물리,9.79E+12,20210920,국내도서>어린이>과학/수학/컴퓨터>과학 일반
모모,9.79E+12,19990209,국내도서>어린이>동화/명작/고전>세계명작
지금 이 순간을 살아라,9.79E+12,20080902,국내도서>에세이>명상에세이
비에도 지지 않고,9.79E+12,20210115,국내도서>에세이>사진/그림 에세이
젊은 시인에게 보내는 편지,9.79E+12,20200831,국내도서>에세이>외국에세이
자기만의 방,9.79E+12,20161125,국내도서>에세이>외국에세이
달리기를 말할 때 내가 하고 싶은 이야기,9.79E+12,20090105,국내도서>에세이>외국에세이
세상 끝에서 춤추다,9.79E+12,20210910,국내도서>에세이>외국에세이
식물과 나,9.79E+12,20210721,국내도서>에세이>한국에세이
천문학자는 별을 보지 않는다 (리커버),9.79E+12,20210222,국내도서>에세이>한국에세이
쓸모없는 것들이 우리를 구할 거야,9.79E+12,20210615,국내도서>에세이>한국에세이
시와 산책,9.79E+12,20200630,국내도서>에세이>한국에세이
사다 보면 끝이 있겠지요,9.79E+12,20210908,국내도서>에세이>한국에세이
겁내지 않고 그림 그리는 법,9.79E+12,20210324,국내도서>에세이>한국에세이
너무 늦기 전에 들어야 할 카르마 강의,9.79E+12,20210630,국내도서>에세이>한국에세이
혼자서도 잘하는 반려가전 팝니다,9.79E+12,20210920,국내도서>에세이>한국에세이
그렇게 말해줘서 고마워,9.79E+12,20201015,국내도서>에세이>한국에세이
"언니, 걷기부터 해요",9.79E+12,20210924,국내도서>에세이>한국에세이
말하기를 말하기,9.79E+12,20200630,국내도서>에세이>한국에세이
"일상이 고고학, 나 혼자 가야 여행",9.79E+12,20210415,국내도서>역사>고고학
중화명승,9.79E+12,20210824,국내도서>역사>문화/역사기행>동서양 문화/역사기행
세상엔 알고 싶은 건축물이 너무도 많아,9.79E+12,20210715,국내도서>역사>문화/역사기행>동서양 문화/역사기행
커피 세계사 + 한국 가배사,9.79E+12,20210819,국내도서>역사>문화/역사기행>동서양 문화/역사기행
신화와 축제의 땅 그리스 문명 기행,9.79E+12,20210830,국내도서>역사>문화/역사기행>동서양 문화/역사기행
"일상이 고고학, 나 혼자 제주 여행",9.79E+12,20210915,국내도서>역사>문화/역사기행>한국 문화/역사기행
로마 시티 Rome City,9.79E+12,20210928,국내도서>역사>서양사>로마사
99%의 로마인은 어떻게 살았을까,9.79E+12,20121220,국내도서>역사>서양사>로마사
펠로폰네소스 전쟁사,9.79E+12,20110630,국내도서>역사>서양사>서양고대사
플루타르코스 영웅전 세트 - 전5권,9.79E+12,20210901,국내도서>역사>서양사>서양고대사
플루타르코스 영웅전 1,9.79E+12,20210901,국내도서>역사>서양사>서양고대사
바빌론의 역사,9.79E+12,20210817,국내도서>역사>서양사>서양고대사
메소포타미아의 역사 1,9.79E+12,20131220,국내도서>역사>서양사>서양고대사
"엘도라도, 혹은 사라진 신의 왕국들",9.79E+12,20100823,국내도서>역사>서양사>서양고대사
전후 유럽 1945~2005 - 1,9.79E+12,20190530,국내도서>역사>서양사>서양근현대사
부르주아의 시대 근대의 발명,9.79E+12,20190610,국내도서>역사>서양사>서양근현대사
귀족의 시대 탐미의 발견,9.79E+12,20190610,국내도서>역사>서양사>서양근현대사
인권의 정신에 대하여,9.79E+12,20210813,국내도서>역사>서양사>서양사일반
중세 3 : 만화로 배우는 서양사,9.79E+12,20210528,국내도서>역사>서양사>서양중세사
세종의 허리 가우디의 뼈,9.79E+12,20210923,국내도서>역사>세계사 일반
10년 후 세계사 두 번째 미래,9.79E+12,20210706,국내도서>역사>세계사 일반
"부채, 첫 5,000년의 역사",9.79E+12,20210220,국내도서>역사>세계사 일반
"설탕, 세계를 바꾸다",9.79E+12,20130905,국내도서>역사>세계사 일반
바다의 시간,9.79E+12,20210624,국내도서>역사>세계사 일반
처음 읽는 음식의 세계사,9.79E+12,20210329,국내도서>역사>세계사 일반
바보의 세계,9.79E+12,20210508,국내도서>역사>세계사 일반
30개 도시로 읽는 세계사,9.79E+12,20200706,국내도서>역사>세계사 일반
메트로폴리스,9.79E+12,20210308,국내도서>역사>세계사 일반
존재하지 않는 것들의 세계사,9.79E+12,20210923,국내도서>역사>세계사 일반
제2차 세계대전 인포그래픽,9.79E+12,20210526,국내도서>역사>세계사 일반
매혹과 잔혹의 커피사,9.79E+12,20210525,국내도서>역사>세계사 일반
희생자의식 민족주의,9.79E+12,20210809,국내도서>역사>세계사 일반
인간의 흑역사,9.79E+12,20191010,국내도서>역사>세계사 일반
도시는 왜 사라졌는가,9.79E+12,20210910,국내도서>역사>세계사 일반
이희수의 이슬람,9.79E+12,20210911,국내도서>역사>세계사 일반
글로벌 르네상스,9.79E+12,20210915,국내도서>역사>세계사 일반
옥스퍼드 세계사,9.79E+12,20201221,국내도서>역사>세계사 일반
1페이지 세계사 365,9.79E+12,20210630,국내도서>역사>세계사 일반
썬킴의 거침없는 세계사,9.79E+12,20210426,국내도서>역사>세계사 일반
독살로 읽는 세계사,9.79E+12,20210427,국내도서>역사>세계사 일반
하버드-C.H.베크 세계사 : 1750~1870,9.79E+12,20210604,국내도서>역사>세계사 일반
제2차 세계대전,9.79E+12,20170313,국내도서>역사>세계사 일반
하버드-C.H.베크 세계사 : 1870~1945,9.79E+12,20180622,국내도서>역사>세계사 일반
문학과 예술의 사회사 4,9.79E+12,20160215,국내도서>역사>세계사 일반
제2차세계대전,9.79E+12,20180322,국내도서>역사>세계사 일반
비밀정보기관의 역사,9.79E+12,20210611,국내도서>역사>세계사 일반
극단의 시대 : 20세기 역사 -상,9.79E+12,19970725,국내도서>역사>세계사 일반
극단의 시대 : 20세기 역사 -하,9.79E+12,19970725,국내도서>역사>세계사 일반
전쟁의 세계사,9.79E+12,20050930,국내도서>역사>세계사 일반
냉전의 지구사,9.79E+12,20200525,국내도서>역사>세계사 일반
사고력 세계사,9.79E+12,20100413,국내도서>역사>세계사 일반
기억 전쟁,9.79E+12,20190128,국내도서>역사>세계사 일반
수술의 탄생,9.79E+12,20201025,국내도서>역사>세계사 일반
"힌두교사 깊이 읽기, 종교학이 아닌 역사학으로",9.79E+12,20210709,국내도서>역사>세계사 일반
세계사를 바꾼 12가지 신소재,9.79E+12,20190625,국내도서>역사>세계사 일반
세계전쟁사,9.79E+12,20180810,국내도서>역사>세계사 일반
하버드-C.H.베크 세계사 : 1350~1750,9.79E+12,20200724,국내도서>역사>세계사 일반
세계사를 바꾼 10가지 감염병,9.79E+12,20210818,국내도서>역사>세계사 일반
신화의 종말,9.79E+12,20210818,국내도서>역사>아메리카사>미국/캐나다사
글록,9.79E+12,20210923,국내도서>역사>아메리카사>미국/캐나다사
미국을 만든 50개 주 이야기,9.79E+12,20210210,국내도서>역사>아메리카사>미국/캐나다사
본격 한중일 세계사 11,9.79E+12,20210728,국내도서>역사>아시아사>동아시아/극동아시아사
역사는 수메르에서 시작되었다,9.79E+12,20180330,국내도서>역사>아시아사>서남아시아사
이슬람 1400년,9.79E+12,20011130,국내도서>역사>아시아사>서남아시아사
중앙아시아사,9.79E+12,20210131,국내도서>역사>아시아사>중앙아시아사
그레이트 게임,9.79E+12,20080823,국내도서>역사>아시아사>중앙아시아사
실크로드의 악마들,9.79E+12,20000725,국내도서>역사>아시아사>중앙아시아사
몽골제국의 후예들,9.79E+12,20200429,국내도서>역사>아시아사>중앙아시아사
"단군의 나라, 카자흐스탄 (컬러판)",9.79E+12,20160415,국내도서>역사>아시아사>중앙아시아사
랍반 사우마의 서방견문록,9.79E+12,20210816,국내도서>역사>아시아사>중앙아시아사
처음 읽는 아프리카의 역사,9.79E+12,20050930,국내도서>역사>아프리카/오세아니아사
역사란 무엇인가,9.79E+12,20150316,국내도서>역사>역사학>역사학 일반
공공역사란 무엇인가,9.79E+12,20201224,국내도서>역사>역사학>역사학 일반
역사의 역사,9.79E+12,20180625,국내도서>역사>역사학>역사학 일반
히틀러 시대의 여행자들,9.79E+12,20210924,국내도서>역사>유럽사>독일/오스트리아사
체르노빌 히스토리,9.79E+12,20210630,국내도서>역사>유럽사>동유럽사
영국 사교계 가이드,9.79E+12,20190110,국내도서>역사>유럽사>영국사
영국 빅토리아 시대의 라이프 스타일,9.79E+12,20210710,국내도서>역사>유럽사>영국사
영국 메이드의 일상,9.79E+12,20171012,국내도서>역사>유럽사>영국사
"수메르, 혹은 신들의 고향",9.79E+12,20091125,국내도서>역사>이슬람/중동/이스라엘>고대 문명 태동기
중동은 왜 싸우는가?,9.79E+12,20181116,국내도서>역사>이슬람/중동/이스라엘>중세시대
일본의 굴레,9.79E+12,20210215,국내도서>역사>일본사>일본사 일반
설민석의 조선왕조실록,9.79E+12,20160725,국내도서>역사>조선사>조선시대 일반
박시백의 조선왕조실록 특별 세트 - 전20권,9.79E+12,20210315,국내도서>역사>조선사>조선시대 일반
"홍어 장수 문순득, 조선을 깨우다",9.79E+12,20101215,국내도서>역사>조선사>조선시대 일반
조선왕조실톡 3,9.79E+12,20160415,국내도서>역사>조선사>조선시대 일반
또 하나의 조선,9.79E+12,20210629,국내도서>역사>조선사>조선시대 일반
국가경영은 세종처럼,9.79E+12,20210901,국내도서>역사>조선사>조선전기(개국~임진왜란 이전)
낭송 세종실록,9.79E+12,20171026,국내도서>역사>조선사>조선전기(개국~임진왜란 이전)
박시백의 조선왕조실록 4,9.79E+12,20210315,국내도서>역사>조선사>조선전기(개국~임진왜란 이전)
조선왕조실톡 2,9.79E+12,20151217,국내도서>역사>조선사>조선전기(개국~임진왜란 이전)
조선왕조실톡 1,9.79E+12,20150817,국내도서>역사>조선사>조선전기(개국~임진왜란 이전)
징비록,9.79E+12,20141120,국내도서>역사>조선사>조선중기(임진왜란~경종)
초판본 징비록 (패브릭 양장 에디션),9.79E+12,20191025,국내도서>역사>조선사>조선중기(임진왜란~경종)
조선왕조실톡 4,9.79E+12,20160720,국내도서>역사>조선사>조선중기(임진왜란~경종)
쉽게 읽는 열하일기 2,9.79E+12,20210910,국내도서>역사>조선사>조선후기(영조~순종)
쉽게 읽는 열하일기 1,9.79E+12,20210910,국내도서>역사>조선사>조선후기(영조~순종)
열하일기 1~3권 세트 - 전3권,9.79E+12,20171106,국내도서>역사>조선사>조선후기(영조~순종)
자산어보 (패브릭 양장),9.79E+12,20210331,국내도서>역사>조선사>조선후기(영조~순종)
조선왕조실톡 7,9.79E+12,20170828,국내도서>역사>조선사>조선후기(영조~순종)
조선왕조실톡 6,9.79E+12,20170425,국내도서>역사>조선사>조선후기(영조~순종)
리더라면 정조처럼,9.79E+12,20200620,국내도서>역사>조선사>조선후기(영조~순종)
전봉준 평전,9.79E+12,20190628,국내도서>역사>조선사>조선후기(영조~순종)
사기열전 1~2 세트 - 전2권,9.79E+12,20200810,국내도서>역사>중국사>중국고대사(선사시대~진한시대)
설민석의 삼국지 1,9.79E+12,20190717,국내도서>역사>중국사>중국고대사(선사시대~진한시대)
진붕 秦崩,9.79E+12,20210811,국내도서>역사>중국사>중국고대사(선사시대~진한시대)
정사 삼국지 : 위서 1,9.79E+12,20180313,국내도서>역사>중국사>중국고대사(선사시대~진한시대)
원본 초한지 1~3 세트 (전3권 + 가이드북),9.79E+12,20190218,국내도서>역사>중국사>중국고대사(선사시대~진한시대)
삼국지톡 3,9.79E+12,20210825,국내도서>역사>중국사>중국고대사(선사시대~진한시대)
설민석의 삼국지 2,9.79E+12,20190820,국내도서>역사>중국사>중국고대사(선사시대~진한시대)
삼국지톡 2,9.79E+12,20201218,국내도서>역사>중국사>중국고대사(선사시대~진한시대)
삼국지톡 1,9.79E+12,20200408,국내도서>역사>중국사>중국고대사(선사시대~진한시대)
대운하 시대 1415~1784,9.79E+12,20210820,국내도서>역사>중국사>중국근세사(원~ 아편전쟁)
옹정제,9.79E+12,20010126,국내도서>역사>중국사>중국근세사(원~ 아편전쟁)
"아이링, 칭링, 메이링",9.79E+12,20210902,국내도서>역사>중국사>중국근현대사(아편전쟁 이후)
중국통사,9.79E+12,20161031,국내도서>역사>중국사>중국사 일반
중화미각,9.79E+12,20191108,국내도서>역사>중국사>중국사 일반
아틀라스 중국사,9.79E+12,20151120,국내도서>역사>중국사>중국사 일반
한국인을 위한 중국사,9.79E+12,20040407,국내도서>역사>중국사>중국사 일반
이중톈 중국사 14 : 선종의 흥기,9.79E+12,20210827,"국내도서>역사>중국사>중국중세사(위진남북조~당,송)"
역사비평 136호,9.77E+12,20210903,국내도서>역사>학회/무크/계간지
발해고,9.79E+12,20210201,국내도서>역사>한국고대~고려시대>한국고대사>발해
고대 한류 열풍의 중심지 아스카,9.79E+12,20210901,국내도서>역사>한국고대~고려시대>한국고대사>백제
"일상이 고고학, 나 혼자 경주 여행",9.79E+12,20201015,국내도서>역사>한국고대~고려시대>한국고대사>신라/통일신라
세계사와 포개 읽는 한국 100년 동안의 역사 2 : 개항 전야,9.79E+12,20201006,국내도서>역사>한국근현대사>근대개화기
백범일지,9.79E+12,20020801,국내도서>역사>한국근현대사>일제치하/항일시대
친일파 열전,9.79E+12,20210809,국내도서>역사>한국근현대사>일제치하/항일시대
안중근 의사 자서전,9.79E+12,20141010,국내도서>역사>한국근현대사>일제치하/항일시대
뭉우리돌의 바다,9.79E+12,20210729,국내도서>역사>한국근현대사>일제치하/항일시대
나의 한국현대사 1959-2020,9.79E+12,20210118,국내도서>역사>한국근현대사>한국전쟁 이후~현재
사진과 그림으로 보는 한국현대사,9.79E+12,20200622,국내도서>역사>한국근현대사>한국전쟁 이후~현재
강남의 탄생,9.79E+12,20160510,국내도서>역사>한국근현대사>한국전쟁 이후~현재
제주 4.3을 묻는 너에게,9.79E+12,20140324,국내도서>역사>한국근현대사>한국전쟁 이후~현재
할매의 탄생,9.79E+12,20190617,국내도서>역사>한국근현대사>한국전쟁 이후~현재
미국 비밀문서로 읽는 한국 현대사 1945~1950,9.79E+12,20210818,국내도서>역사>한국근현대사>해방전후사/한국전쟁
브루스 커밍스의 한국전쟁,9.79E+12,20171130,국내도서>역사>한국근현대사>해방전후사/한국전쟁
최태성의 만화 한국사 1 전근대편,9.79E+12,20201111,국내도서>역사>한국사 일반
최태성의 만화 한국사 2 근현대편,9.79E+12,20201111,국내도서>역사>한국사 일반
1페이지 한국사 365,9.79E+12,20210728,국내도서>역사>한국사 일반
세계사와 포개 읽는 한국 100년 동안의 역사 1 : 한반도의 깊은 잠,9.79E+12,20201006,국내도서>역사>한국사 일반
대한민국 역사,9.79E+12,20130715,국내도서>역사>한국사 일반
종횡무진 한국사 2,9.79E+12,20150406,국내도서>역사>한국사 일반
대한민국 징비록,9.79E+12,20191005,국내도서>역사>한국사 일반
큰★별쌤 최태성의 강의 한국사능력검정시험 심화 1·2·3급 - 하,9.79E+12,20210208,국내도서>역사>한국사 일반
큰★별쌤 최태성의 강의 한국사능력검정시험 심화 1·2·3급 - 상,9.79E+12,20210208,국내도서>역사>한국사 일반
엄마가 들려주는 이승만 건국 대통령 이야기,9.79E+12,20200622,국내도서>역사>한국사 일반
좋은 서비스 디자인,9.79E+12,20210719,국내도서>예술/대중문화>디자인/공예>디자인이론/비평/역사
"고려인, 카레이츠",9.79E+12,20210830,국내도서>예술/대중문화>사진>사진집
아티스트 웨이,9.79E+12,20120510,국내도서>예술/대중문화>예술/대중문화의 이해>미학/예술이론
위대한 작곡가들의 삶 1,9.79E+12,20200106,국내도서>예술/대중문화>음악>음악가
열두 발자국,9.79E+12,20180702,국내도서>인문학>교양 인문학
뉴로다르마,9.79E+12,20210913,국내도서>인문학>교양 인문학
노화의 종말,9.79E+12,20200730,국내도서>인문학>교양 인문학
일상을 바꾼 14가지 약 이야기,9.79E+12,20200826,국내도서>인문학>교양 인문학
유발 하라리 ‘인류 3부작’ 밀리언 스페셜 에디션 - 전3권,9.79E+12,20190123,국내도서>인문학>교양 인문학
신의 전쟁,9.79E+12,20210712,국내도서>인문학>교양 인문학
애거서 크리스티 읽기,9.79E+12,20210816,국내도서>인문학>교양 인문학
우리는 마약을 모른다,9.79E+12,20180720,국내도서>인문학>교양 인문학
어른의 문답법,9.79E+12,20210910,국내도서>인문학>교양 인문학
다크호스,9.79E+12,20190807,국내도서>인문학>교양 인문학
언어본능,9.79E+12,20081220,국내도서>인문학>기호학/언어학>언어학/언어사
외국어 전파담,9.79E+12,20210901,국내도서>인문학>기호학/언어학>언어학/언어사
도덕경,9.79E+12,20190102,국내도서>인문학>동양철학>도가철학/노장철학>도가철학 일반
손자병법,9.79E+12,20210715,국내도서>인문학>동양철학>동양철학 일반
분서Ⅰ,9.79E+12,20040630,국내도서>인문학>동양철학>동양철학 일반
명심보감,9.79E+12,20210205,국내도서>인문학>동양철학>동양철학 일반
논어,9.79E+12,20201231,국내도서>인문학>동양철학>유교철학/주역>공자/논어
소학,9.79E+12,20210205,국내도서>인문학>동양철학>유교철학/주역>유교철학 일반
중용한글역주,9.79E+12,20110710,국내도서>인문학>동양철학>유교철학/주역>유교철학 일반
5리터의 피,9.79E+12,20210727,국내도서>인문학>문화/문화이론>문화사
세 종교 이야기,9.79E+12,20140827,국내도서>인문학>문화/문화이론>문화사
박물관 보는 법,9.79E+12,20151004,국내도서>인문학>문화/문화이론>문화연구/문화이론
나의 문화유산답사기 9 : 서울편 1,9.79E+12,20170821,국내도서>인문학>문화/문화이론>한국학/한국문화>한국문화유산
나의 문화유산답사기 : 제주편 (감귤 에디션),9.79E+12,20210726,국내도서>인문학>문화/문화이론>한국학/한국문화>한국문화유산
나의 문화유산답사기 : 산사 순례,9.79E+12,20180824,국내도서>인문학>문화/문화이론>한국학/한국문화>한국문화유산
나의 문화유산답사기 10 : 서울편 2,9.79E+12,20170821,국내도서>인문학>문화/문화이론>한국학/한국문화>한국문화유산
동물 생각 (워터프루프북),9.79E+12,20210730,국내도서>인문학>문화/문화이론>한국학/한국문화>한국인과 한국문화
팔도 유람기 (워터프루프북),9.79E+12,20210730,국내도서>인문학>문화/문화이론>한국학/한국문화>한국인과 한국문화
고르기아스,9.79E+12,20210225,국내도서>인문학>서양철학>고대철학>고대철학 일반
명상록,9.79E+12,20051125,국내도서>인문학>서양철학>고대철학>고대철학 일반
명상록 (그리스어 원전 완역본),9.79E+12,20180402,국내도서>인문학>서양철학>고대철학>고대철학 일반
쾌락,9.79E+12,19980925,국내도서>인문학>서양철학>고대철학>고대철학 일반
소크라테스 스타일,9.79E+12,20210818,국내도서>인문학>서양철학>고대철학>고대철학 일반
소크라테스의 변명·크리톤·파이돈·향연 (그리스어 원전 완역본),9.79E+12,20191115,국내도서>인문학>서양철학>고대철학>소크라테스
아리스토텔레스 시학 (그리스어 원전 완역본),9.79E+12,20210303,국내도서>인문학>서양철학>고대철학>아리스토텔레스
아리스토텔레스 수사학 (그리스어 원전 완역본),9.79E+12,20200205,국내도서>인문학>서양철학>고대철학>아리스토텔레스
플라톤의 국가·정체(政體),9.79E+12,20050430,국내도서>인문학>서양철학>고대철학>플라톤
과학의 자리,9.79E+12,20210705,국내도서>인문학>서양철학>과학철학
인간 불평등 기원론,9.79E+12,20180430,국내도서>인문학>서양철학>근대철학>근대철학 일반
프로테스탄트 윤리와 자본주의 정신,9.79E+12,20180601,국내도서>인문학>서양철학>독일철학
서양철학사 2,9.79E+12,20160227,국내도서>인문학>서양철학>서양철학사
일반언어학 강의,9.79E+12,20061201,국내도서>인문학>서양철학>언어철학/분석철학
팡세,9.79E+12,20030825,국내도서>인문학>서양철학>프랑스철학
로지코믹스,9.79E+12,20110214,국내도서>인문학>서양철학>현대철학>러셀/비트겐슈타인
도덕의 계보,9.79E+12,20210630,국내도서>인문학>서양철학>현대철학>프리드리히 니체
차라투스트라는 이렇게 말했다,9.79E+12,20040102,국내도서>인문학>서양철학>현대철학>프리드리히 니체
도서관 민주주의,9.79E+12,20210915,국내도서>인문학>서지/출판>서지/문헌/도서관
일리아스,9.79E+12,20150620,국내도서>인문학>신화/종교학>그리스로마 신화
변신이야기,9.79E+12,20171015,국내도서>인문학>신화/종교학>그리스로마 신화
아이네이스,9.79E+12,20070420,국내도서>인문학>신화/종교학>그리스로마 신화
오뒷세이아,9.79E+12,20150910,국내도서>인문학>신화/종교학>세계의 신화와 전설>서양의 신화와 전설
최초의 신화 길가메쉬 서사시 (리커버 개정판),9.79E+12,20200601,국내도서>인문학>신화/종교학>세계의 신화와 전설>세계의 신화와 전설 일반
축의 시대,9.79E+12,20101220,국내도서>인문학>신화/종교학>종교학>종교학 일반
놓아 버림,9.79E+12,20131010,국내도서>인문학>심리학/정신분석학>교양 심리학
나는 오늘 나에게 ADHD라는 이름을 주었다,9.79E+12,20210621,국내도서>인문학>심리학/정신분석학>교양 심리학
욕망의 진화,9.79E+12,20070815,국내도서>인문학>심리학/정신분석학>교양 심리학
우울할 땐 뇌 과학,9.79E+12,20180312,국내도서>인문학>심리학/정신분석학>교양 심리학
사이코패스 뇌과학자,9.79E+12,20200923,국내도서>인문학>심리학/정신분석학>교양 심리학
"우울할 땐 뇌 과학, 실천할 땐 워크북",9.79E+12,20200117,국내도서>인문학>심리학/정신분석학>교양 심리학
왜 아무 이유없이 우울할까?,9.79E+12,20210819,국내도서>인문학>심리학/정신분석학>교양 심리학
가까운 사람이 자기애성 성격 장애일 때,9.79E+12,20210330,국내도서>인문학>심리학/정신분석학>교양 심리학
가까운 사람이 경계성 성격 장애일 때,9.79E+12,20210330,국내도서>인문학>심리학/정신분석학>교양 심리학
인간 본성의 법칙,9.79E+12,20190729,국내도서>인문학>심리학/정신분석학>교양 심리학
무기력이 무기력해지도록,9.79E+12,20210820,국내도서>인문학>심리학/정신분석학>교양 심리학
상처받지 않는 영혼,9.79E+12,20140508,국내도서>인문학>심리학/정신분석학>교양 심리학
적정한 삶,9.79E+12,20210330,국내도서>인문학>심리학/정신분석학>교양 심리학
나는 내가 먼저입니다,9.79E+12,20210903,국내도서>인문학>심리학/정신분석학>교양 심리학
"그게, 가스라이팅이야",9.79E+12,20210726,국내도서>인문학>심리학/정신분석학>교양 심리학
이제는 나로 살아야 한다,9.79E+12,20210831,국내도서>인문학>심리학/정신분석학>교양 심리학
아내를 모자로 착각한 남자,9.79E+12,20160818,국내도서>인문학>심리학/정신분석학>뇌과학/인지심리학
정리하는 뇌,9.79E+12,20150622,국내도서>인문학>심리학/정신분석학>뇌과학/인지심리학
나는 왜 생각이 많을까?,9.79E+12,20210719,국내도서>인문학>심리학/정신분석학>뇌과학/인지심리학
느끼고 아는 존재,9.79E+12,20210830,국내도서>인문학>심리학/정신분석학>뇌과학/인지심리학
심리치료의 비밀,9.79E+12,20180831,국내도서>인문학>심리학/정신분석학>심리치료
내 안의 어린 아이가 울고 있다,9.79E+12,20210831,국내도서>인문학>심리학/정신분석학>심리치료
다미주 이론,9.79E+12,20200525,국내도서>인문학>심리학/정신분석학>이론 심리학
냄새의 심리학,9.79E+12,20210507,국내도서>인문학>심리학/정신분석학>정신분석학
사피엔스,9.79E+12,20151123,국내도서>인문학>인류학/고고학>인류학
사랑의 기술,9.79E+12,20190819,국내도서>인문학>인문 에세이
이토록 매혹적인 아랍이라니,9.79E+12,20210805,국내도서>인문학>인문 에세이
대서울의 길,9.79E+12,20210820,국내도서>인문학>인문 에세이
사라진 나의 중국 친구에게,9.79E+12,20210816,국내도서>인문학>인문 에세이
수도자처럼 생각하기,9.79E+12,20210630,국내도서>인문학>인문 에세이
미스터리 작가를 위한 법의학 Q&A,9.79E+12,20171130,국내도서>인문학>책읽기/글쓰기>글쓰기
내 문장이 그렇게 이상한가요?,9.79E+12,20160124,국내도서>인문학>책읽기/글쓰기>글쓰기
트라우마 사전 (리커버),9.79E+12,20210329,국내도서>인문학>책읽기/글쓰기>글쓰기
묘사의 힘,9.79E+12,20210916,국내도서>인문학>책읽기/글쓰기>글쓰기
미스터리 가이드북,9.79E+12,20210913,국내도서>인문학>책읽기/글쓰기>글쓰기
캐릭터 직업 사전,9.79E+12,20210901,국내도서>인문학>책읽기/글쓰기>글쓰기
어른의 어휘력,9.79E+12,20200815,국내도서>인문학>책읽기/글쓰기>글쓰기
제발 이런 원고는 투고하지 말아주세요,9.79E+12,20210830,국내도서>인문학>책읽기/글쓰기>글쓰기
비슷한 것은 가짜다,9.79E+12,20201215,국내도서>인문학>책읽기/글쓰기>책읽기
여자가 쓴 괴물들,9.79E+12,20210820,국내도서>인문학>책읽기/글쓰기>책읽기
행복의 정복,9.79E+12,20050105,국내도서>인문학>철학 일반>교양 철학
인류세,9.79E+12,20210419,국내도서>인문학>철학 일반>교양 철학
밤의 유서,9.79E+12,20210824,국내도서>인문학>철학 일반>교양 철학
소피의 세계 (합본),9.79E+12,20151223,국내도서>인문학>철학 일반>교양 철학
스무살에 알았더라면 좋았을 것들,9.79E+12,20200228,국내도서>자기계발>20대의 자기계발
생각의 비밀,9.79E+12,20150915,국내도서>자기계발>성공>성공담
서울 자가에 대기업 다니는 김 부장 이야기 2 : 정 대리.권 사원 편,9.79E+12,20210825,국내도서>자기계발>성공>성공담
서울 자가에 대기업 다니는 김 부장 이야기 1 : 김 부장 편,9.79E+12,20210825,국내도서>자기계발>성공>성공담
될 일은 된다,9.79E+12,20160621,국내도서>자기계발>성공>성공담
일은 배신하지 않는다,9.79E+12,20210315,국내도서>자기계발>성공>성공담
얼티메이텀,9.79E+12,20210721,국내도서>자기계발>성공>성공담
조인트 사고,9.79E+12,20210428,국내도서>자기계발>성공>성공학
무기가 되는 스토리,9.79E+12,20180930,국내도서>자기계발>성공>성공학
에센셜리즘,9.79E+12,20140919,국내도서>자기계발>성공>성공학
오늘부터 나는 브랜드가 되기로 했다,9.79E+12,20210409,국내도서>자기계발>성공>성공학
가진 돈은 몽땅 써라,9.79E+12,20210625,국내도서>자기계발>성공>성공학
이지성의 꿈꾸는 다락방 (양장),9.79E+12,20170630,국내도서>자기계발>성공>성공학
알면서도 알지 못하는 것들 (친필 사인 리커버 에디션),9.79E+12,20170110,국내도서>자기계발>성공>성공학
시작의 기술 (리커버),9.79E+12,20190417,국내도서>자기계발>성공>성공학
위대한 시크릿,9.79E+12,20210325,국내도서>자기계발>성공>성공학
무조건 팔리는 카피 단어장,9.79E+12,20210322,국내도서>자기계발>성공>성공학
최고의 변화는 어디서 시작되는가,9.79E+12,20180714,국내도서>자기계발>성공>성공학
리얼리티 트랜서핑 1,9.79E+12,20090123,국내도서>자기계발>성공>성공학
프로페셔널 스튜던트,9.79E+12,20210218,국내도서>자기계발>성공>성공학
원씽 The One Thing (리커버 특별판),9.79E+12,20130820,국내도서>자기계발>성공>성공학
폴리매스,9.79E+12,20200929,국내도서>자기계발>성공>성공학
절제의 성공학,9.79E+12,20130725,국내도서>자기계발>성공>성공학
다산의 철학,9.79E+12,20211001,국내도서>자기계발>성공>성공학
여기가 끝이 아니다,9.79E+12,20210318,국내도서>자기계발>성공>성공학
더 해빙 (40만부 기념 리커버 에디션),9.79E+12,20200301,국내도서>자기계발>성공>성공학
빌리브 잇,9.79E+12,20210825,국내도서>자기계발>성공>성공학
불안이라는 중독,9.79E+12,20210830,국내도서>자기계발>성공>성공학
인생 전환 프로젝트,9.79E+12,20210816,국내도서>자기계발>성공>성공학
최고의 변화는 어떻게 만들어지는가,9.79E+12,20210706,국내도서>자기계발>성공>성공학
오십부터는 노후 걱정 없이 살아야 한다,9.79E+12,20210913,국내도서>자기계발>성공>성공학
멘탈의 연금술,9.79E+12,20201214,국내도서>자기계발>성공>성공학
나에게 몰입하는 시간의 힘,9.79E+12,20210917,국내도서>자기계발>성공>성공학
레버리지 (양장),9.79E+12,20190603,국내도서>자기계발>성공>성공학
생각이 너무 많은 서른 살에게,9.79E+12,20210610,국내도서>자기계발>성공>성공학
데일 카네기 자기관리론,9.79E+12,20210113,국내도서>자기계발>성공>성공학
일터의 문장들,9.79E+12,20210830,국내도서>자기계발>성공>성공학
운의 알고리즘,9.79E+12,20210428,국내도서>자기계발>성공>성공학
초생산성,9.79E+12,20210707,국내도서>자기계발>성공>성공학
시크릿,9.79E+12,20070622,국내도서>자기계발>성공>성공학
파리에서 도시락을 파는 여자,9.79E+12,20210623,국내도서>자기계발>성공>성공학
생각하라 그리고 부자가 되어라,9.79E+12,20210105,국내도서>자기계발>성공>성공학
더 보스,9.79E+12,20210517,국내도서>자기계발>성공>성공학
아주 작은 습관의 힘,9.79E+12,20190226,국내도서>자기계발>성공>성공학
언바운드,9.79E+12,20210901,국내도서>자기계발>성공>성공학
조화로운 부,9.79E+12,20210820,국내도서>자기계발>성공>성공학
마지막 몰입,9.79E+12,20210223,국내도서>자기계발>성공>성공학
리얼리티 레볼루션,9.79E+12,20210903,국내도서>자기계발>성공>성공학
타이탄의 도구들 (알라딘 단독 리커버),9.79E+12,20210705,국내도서>자기계발>성공>성공학
럭키,9.79E+12,20210825,국내도서>자기계발>성공>성공학
나를 사랑하는 연습,9.79E+12,20200102,국내도서>자기계발>성공>성공학
에이트,9.79E+12,20191021,국내도서>자기계발>성공>성공학
신경 끄기의 기술,9.79E+12,20171027,국내도서>자기계발>성공>성공학
야수의 집중력,9.79E+12,20210927,국내도서>자기계발>성공>성공학
최고의 선택을 위한 최고의 질문,9.79E+12,20210908,국내도서>자기계발>성공>성공학
하버드 비즈니스 독서법,9.79E+12,20180723,국내도서>자기계발>성공>성공학
운의 원리,9.79E+12,20210908,국내도서>자기계발>성공>성공학
딱 1년만 말투를 바꿔보자,9.79E+12,20210525,국내도서>자기계발>성공>성공학
나는 왜 이 일을 하는가 2,9.79E+12,20180524,국내도서>자기계발>성공>성공학
블립 Bleep,9.79E+12,20100407,국내도서>자기계발>성공>성공학
필요가 피로가 되지 않게,9.79E+12,20210610,국내도서>자기계발>성공>성공학
내 뜻대로 이루어지는 힘,9.79E+12,20210620,국내도서>자기계발>성공>성공학
애매한 재능이 무기가 되는 순간,9.79E+12,20210815,국내도서>자기계발>성공>성공학
지중해 부자,9.79E+12,20140820,국내도서>자기계발>성공>성공학
시크릿을 깨닫다,9.79E+12,20190812,국내도서>자기계발>성공>성공학
운의 힘,9.79E+12,20200924,국내도서>자기계발>성공>성공학
트랜서핑의 비밀,9.79E+12,20100311,국내도서>자기계발>성공>성공학
"브레이킹, 당신이라는 습관을 깨라",9.79E+12,20210726,국내도서>자기계발>성공>성공학
"눈치껏 못 배웁니다, 일센스",9.79E+12,20210414,국내도서>자기계발>성공>성공학
하버드 상위 1퍼센트의 비밀 (2021 리커버 에디션),9.79E+12,20181017,국내도서>자기계발>성공>성공학
기버 1,9.79E+12,20200201,국내도서>자기계발>성공>성공학
생각하라! 그러면 부자가 되리라,9.79E+12,20180122,국내도서>자기계발>성공>성공학
성공하는 사람들의 7가지 습관,9.79E+12,20170502,국내도서>자기계발>성공>성공학
기브앤테이크 Give and Take,9.79E+12,20130607,국내도서>자기계발>성공>성공학
실행이 답이다 (리커버 에디션),9.79E+12,20190906,국내도서>자기계발>성공>성공학
센스를 배웠더니 일머리가 돌아갑니다,9.79E+12,20210512,국내도서>자기계발>성공>성공학
생각의 각도,9.79E+12,20210302,국내도서>자기계발>성공>성공학
몰입 합본판 (100쇄 기념 합본 에디션),9.79E+12,20200729,국내도서>자기계발>성공>성공학
행복한 이기주의자 (스페셜 에디션),9.79E+12,20190814,국내도서>자기계발>성공>성공학
관점을 디자인하라,9.79E+12,20181010,국내도서>자기계발>성공>성공학
"운, 준비하는 미래",9.79E+12,20150827,국내도서>자기계발>성공>성공학
당신의 생각을 정리해드립니다,9.79E+12,20210316,국내도서>자기계발>성공>성공학
일을 잘한다는 것,9.79E+12,20210118,국내도서>자기계발>성공>성공학
백만장자 메신저,9.79E+12,20180427,국내도서>자기계발>성공>성공학
하루 5분 아침 일기,9.79E+12,20171106,국내도서>자기계발>성공>성공학
왓칭 Watching,9.79E+12,20110412,국내도서>자기계발>성공>성공학
운의 비밀,9.79E+12,20210823,국내도서>자기계발>성공>성공학
프로일잘러,9.79E+12,20210420,국내도서>자기계발>성공>성공학
대학원생 때 알았더라면 좋았을 것들,9.79E+12,20190418,국내도서>자기계발>성공>성공학
리얼리티 트랜서핑 3,9.79E+12,20090515,국내도서>자기계발>성공>성공학
챔피언의 마인드 : 결정적 순간에 차이를 만드는 힘,9.79E+12,20210705,국내도서>자기계발>성공>성공학
초집중,9.79E+12,20200722,국내도서>자기계발>성공>성공학
당신도 초자연적이 될 수 있다,9.79E+12,20191216,국내도서>자기계발>성공>성공학
리얼리티 트랜서핑 2,9.79E+12,20090320,국내도서>자기계발>성공>성공학
100일을 디자인하라,9.79E+12,20210831,국내도서>자기계발>시간관리/정보관리>시간관리
미라클 모닝,9.79E+12,20160222,국내도서>자기계발>시간관리/정보관리>시간관리
나는 4시간만 일한다 (리커버 에디션),9.79E+12,20171020,국내도서>자기계발>시간관리/정보관리>시간관리
나는 오늘만 최선을 다하기로 했다 데일리 루틴,9.79E+12,20210222,국내도서>자기계발>시간관리/정보관리>시간관리
나는 아침마다 삶의 감각을 깨운다,9.79E+12,20210414,국내도서>자기계발>시간관리/정보관리>시간관리
5년 후 나에게 - Q&A a day (2021 메모리아 화이트 Gift Edition),9.79E+12,20201118,국내도서>자기계발>시간관리/정보관리>시간관리
카피책,9.79E+12,20160125,국내도서>자기계발>시간관리/정보관리>정보관리
회사에서 나만 그래?,9.79E+12,20210901,국내도서>자기계발>여성의 자기계발
프레임,9.79E+12,20210302,국내도서>자기계발>인간관계>교양심리학
회복력 수업,9.79E+12,20210903,국내도서>자기계발>인간관계>교양심리학
기분이 태도가 되지 않게 (15만 부 기념 썸머에디션),9.79E+12,20210621,국내도서>자기계발>인간관계>교양심리학
오은영의 화해,9.79E+12,20190110,국내도서>자기계발>인간관계>교양심리학
지혜의 심리학,9.79E+12,20170313,국내도서>자기계발>인간관계>교양심리학
엮이면 피곤해지는 사람들,9.79E+12,20210825,국내도서>자기계발>인간관계>인간관계
관계의 내공,9.79E+12,20210914,국내도서>자기계발>인간관계>인간관계
데일 카네기 인간관계론,9.79E+12,20191007,국내도서>자기계발>인간관계>인간관계
불편한 사람과 뻔뻔하게 대화하는 법,9.79E+12,20210915,국내도서>자기계발>인간관계>인간관계
인간관계론 (스페셜 에디션),9.79E+12,20210120,국내도서>자기계발>인간관계>인간관계
불행한 관계 걷어차기,9.79E+12,20210111,국내도서>자기계발>인간관계>인간관계
데일카네기 인간관계론,9.79E+12,20200322,국내도서>자기계발>인간관계>인간관계
남들이 나를 함부로 하지 못하게 하라,9.79E+12,20201202,국내도서>자기계발>인간관계>인간관계
"마흔, 논어를 읽어야 할 시간",9.79E+12,20191211,국내도서>자기계발>중년의 자기계발
"50 이후, 더 재미있게 나이 드는 법",9.79E+12,20210910,국내도서>자기계발>중년의 자기계발
조금 알고 적당히 모르는 오십이 되었다,9.79E+12,20210217,국내도서>자기계발>중년의 자기계발
그릿 GRIT (100쇄 기념 리커버 에디션),9.79E+12,20190220,국내도서>자기계발>창의적사고/두뇌계발
3X 독서법,9.79E+12,20210921,국내도서>자기계발>창의적사고/두뇌계발
우리의 뇌는 어떻게 배우는가,9.79E+12,20210609,국내도서>자기계발>창의적사고/두뇌계발
메타쉐도잉,9.79E+12,20210604,국내도서>자기계발>창의적사고/두뇌계발
누구나 카피라이터,9.79E+12,20210625,국내도서>자기계발>창의적사고/두뇌계발
인디펜던트 워커,9.79E+12,20210315,국내도서>자기계발>취업/진로/유망직업>크리에이터/1인미디어
내 곁에서 내 삶을 받쳐 주는 것들,9.79E+12,20210910,국내도서>자기계발>행복론
아주 보통의 행복,9.79E+12,20210721,국내도서>자기계발>행복론
모두에게 사랑받을 필요는 없다,9.79E+12,20201019,국내도서>자기계발>행복론
심플하게 산다,9.79E+12,20120903,국내도서>자기계발>행복론
인생에서 중요한 것만 남기는 힘,9.79E+12,20210827,국내도서>자기계발>행복론
킹크,9.79E+12,20201005,국내도서>자기계발>행복론
인플루언서의 말센스,9.79E+12,20210901,국내도서>자기계발>협상/설득/화술>설득
설득의 심리학 1 (리커버 에디션),9.79E+12,20190228,국내도서>자기계발>협상/설득/화술>설득
원하는 것을 얻는 10가지 질문법,9.79E+12,20210910,국내도서>자기계발>협상/설득/화술>협상
리더의 말 그릇,9.79E+12,20210412,국내도서>자기계발>협상/설득/화술>화술
1시간에 끝내는 대화의 기술,9.79E+12,20210924,국내도서>자기계발>협상/설득/화술>화술
말투가 고민이라면 유재석처럼,9.79E+12,20210830,국내도서>자기계발>협상/설득/화술>화술
말 그릇,9.79E+12,20170921,국내도서>자기계발>협상/설득/화술>화술
강원국의 어른답게 말합니다,9.79E+12,20210526,국내도서>자기계발>협상/설득/화술>화술
말버릇의 힘,9.79E+12,20210907,국내도서>자기계발>협상/설득/화술>화술
할 말은 합니다,9.79E+12,20210826,국내도서>자기계발>협상/설득/화술>화술
말의 품격 (100쇄 기념 에디션),9.79E+12,20170529,국내도서>자기계발>협상/설득/화술>화술
적을 만들지 않는 대화법,9.79E+12,20190603,국내도서>자기계발>협상/설득/화술>화술
말센스 (리커버),9.79E+12,20190225,국내도서>자기계발>협상/설득/화술>화술
뜨겁게 나를 사랑한다,9.79E+12,20210521,국내도서>자기계발>힐링>마음 다스리기
감정 기복이 심한 편입니다만,9.79E+12,20210607,국내도서>자기계발>힐링>마음 다스리기
마음의 연금술,9.79E+12,20210820,국내도서>자기계발>힐링>마음 다스리기
하버드 회복탄력성 수업,9.79E+12,20210526,국내도서>자기계발>힐링>마음 다스리기
뜨겁게 나를 응원한다,9.79E+12,20210521,국내도서>자기계발>힐링>마음 다스리기
내 마음을 나도 모를 때,9.79E+12,20210512,국내도서>자기계발>힐링>마음 다스리기
모든 관계는 나에게 달려 있다,9.79E+12,20211010,국내도서>자기계발>힐링>마음 다스리기
인생을 바꾸는 100일 마음챙김,9.79E+12,20210923,국내도서>자기계발>힐링>마음 다스리기
예민한 사람도 마음이 편안해지는 작은 습관,9.79E+12,20210623,국내도서>자기계발>힐링>마음 다스리기
필링 굿,9.79E+12,20110301,국내도서>자기계발>힐링>마음 다스리기
그림의 힘 (리커버 에디션),9.79E+12,20200715,국내도서>자기계발>힐링>마음 다스리기
네빌 고다드 5일간의 강의,9.79E+12,20110830,국내도서>자기계발>힐링>마음 다스리기
혼자 잘해주고 상처받지 마라,9.79E+12,20161027,국내도서>자기계발>힐링>마음 다스리기
다산의 마지막 공부,9.79E+12,20181211,국내도서>자기계발>힐링>마음 다스리기
닥터 도티의 삶을 바꾸는 마술가게,9.79E+12,20160712,국내도서>자기계발>힐링>마음 다스리기
하루 한 장 마음챙김,9.79E+12,20210108,국내도서>자기계발>힐링>마음 다스리기
마음 홈트,9.79E+12,20210727,국내도서>자기계발>힐링>마음 다스리기
매거진 B (Magazine B) Vol.88 : 코펜하겐 (COPENHAGEN),9.79E+12,20210825,국내도서>잡지>경제/경영
기독교의 발흥,9.79E+12,20160622,국내도서>종교/역학>기독교(개신교)>기독교 역사
그리스도교의 신,9.79E+12,20210901,국내도서>종교/역학>기독교(개신교)>기독교 역사
곤고한 날에는 생각하라,9.79E+12,20210905,국내도서>종교/역학>기독교(개신교)>기독교(개신교) 신앙생활>신앙생활일반
성서의 형성,9.79E+12,20210824,국내도서>종교/역학>기독교(개신교)>성경의 이해
10대 놀라운 뇌 불안한 뇌 아픈 뇌,9.79E+12,20210410,국내도서>좋은부모>육아>성장/발달
홍길동전 : 춤추는 소매 바람을 따라 휘날리니,9.79E+12,20120315,국내도서>청소년>청소년 고전
지킬 박사와 하이드,9.79E+12,20160617,국내도서>청소년>청소년 문학>청소년 소설
이런 수학은 처음이야,9.79E+12,20201111,국내도서>청소년>청소년 수학/과학
수학이 막히면 깨봉 수학,9.79E+12,20210625,국내도서>청소년>청소년 수학/과학
곰브리치 세계사 (예일대 특별판),9.79E+12,20190605,국내도서>청소년>청소년 역사
한국사를 보다 5,9.79E+12,20111208,국내도서>청소년>청소년 역사
한국사를 보다 3,9.79E+12,20111116,국내도서>청소년>청소년 역사
내일은 못 먹을지도 몰라,9.79E+12,20210502,국내도서>청소년>청소년 인문/사회
학습천재가 되는 11가지 공부 비결,9.79E+12,20210817,국내도서>청소년>학습법
기적의 구매대행 노하우,9.79E+12,20201006,국내도서>컴퓨터/모바일>e비즈니스/창업>e-비즈니스/온라인 창업
퇴근 후 스마트스토어로 투잡하기,9.79E+12,20200925,국내도서>컴퓨터/모바일>e비즈니스/창업>e-비즈니스/온라인 창업
된다! 네이버 블로그 & 포스트,9.79E+12,20210531,국내도서>컴퓨터/모바일>e비즈니스/창업>e-비즈니스/온라인 창업
웹소설 써서 먹고삽니다,9.79E+12,20210413,국내도서>컴퓨터/모바일>e비즈니스/창업>e-비즈니스/온라인 창업
진짜 하루만에 끝내는 이모티콘,9.79E+12,20210303,국내도서>컴퓨터/모바일>그래픽/멀티미디어>그래픽 일반
UX 라이팅 시작하기,9.79E+12,20210906,국내도서>컴퓨터/모바일>그래픽/멀티미디어>그래픽 일반
실무에 바로 쓰는 일잘러의 보고서 작성법,9.79E+12,20201117,국내도서>컴퓨터/모바일>오피스(엑셀/파워포인트)>MS 오피스
수학 리부트,9.79E+12,20200706,국내도서>컴퓨터/모바일>컴퓨터 공학>전산수학(SPSS/MATLAB)
